{
"lengthUnit": "mil",
"components": {
	"fields": ["COMPONENT_NO", "COMPONENT_NAME", "LAYER", "X_COORDINATE", "Y_COORDINATE", "ANGLE"],
	"rows": [
		[1, "C1", "T", 300, -770.91, 90],
		[2, "C2", "T", 1076.67, -351.31, 0],
		[3, "C3", "T", 1146.22, -440.4, 0],
		[4, "C4", "T", 1223.45, -687.46, 90],
		[5, "C5", "T", 197.85, -770.91, 90],
		[6, "C8", "T", 1121.3, -687.46, 90],
		[7, "C10", "T", 1019.15, -687.46, 90],
		[8, "C11", "T", 95.7, -770.95, 90],
		[9, "C12", "T", 1078.27, -100.03, 90],
		[10, "C13", "T", 1509.64, -95.83, 90],
		[11, "C14", "T", 1600.27, -96.46, 90],
		[12, "C15", "T", 1860.5, -169.58, 270],
		[13, "C16", "T", 2398.85, -2241.78, 90],
		[14, "C17", "T", 2030.62, -2240.63, 90],
		[15, "C18", "T", 2200.98, -2395.16, 90],
		[16, "C19", "T", 2482.47, -2391.41, 90],
		[17, "C20", "T", 1451.71, -729.9, 270],
		[18, "C21", "T", 1542.83, -729.9, 270],
		[19, "C22", "T", 303.47, -1621.09, 270],
		[20, "CN1", "T", 169.67, -2620.97, 270],
		[21, "CN2", "T", 3760.91, -2621.65, 90],
		[22, "CN3", "T", 1650.17, -2007.82, 270],
		[23, "CN4", "T", 1883.78, -1139.51, 90],
		[24, "DC1", "T", 429.15, -542.46, 0],
		[25, "H1", "T", 2182.65, -1406.21, 270],
		[26, "H5", "T", 1136.36, -2394.42, 180],
		[27, "H6", "T", 3334.72, -1277.79, 0],
		[28, "H7", "T", 2165.4, -3260.65, 180],
		[29, "H8", "T", 2483.77, -526.23, 90],
		[30, "H10", "T", 699.15, -1472.46, 90],
		[31, "H11", "T", 1293.64, -1477.46, 90],
		[32, "K1", "T", 1947.86, -690.95, 270],
		[33, "L2", "T", 764.2, -725.17, 180],
		[34, "LED1", "T", 1722.77, -690.06, 90],
		[35, "LED2", "T", 1805.27, -689.74, 90],
		[36, "R2", "T", 976.86, -440.4, 0],
		[37, "R4", "T", 975.59, -103, 90],
		[38, "R5", "T", 1106.53, -258.6, 0],
		[39, "R6", "T", 752.89, -272.46, 0],
		[40, "R7", "T", 489.15, -197.46, 0],
		[41, "R8", "T", 936.86, -258.6, 0],
		[42, "R10", "T", 1946.24, -109.44, 270],
		[43, "R11", "T", 2047.07, -1435.22, 90],
		[44, "R12", "T", 2324.09, -1434.3, 270],
		[45, "R13", "T", 1719.08, -808.41, 270],
		[46, "R14", "T", 1805.27, -810.55, 270],
		[47, "R15", "T", 2201.73, -368.5, 0],
		[48, "R16", "T", 2017.28, -364.18, 180],
		[49, "R17", "B", 2208.5, -2237.06, 0],
		[50, "U1", "T", 789.15, -402.46, 270],
		[51, "U2", "T", 1499.15, -472.46, 90],
		[52, "U3", "T", 2169.15, -1872.46, 45],
		[53, "USBC1", "T", 2184.15, -172.46, 180],
		[54, "X1", "T", 2214.57, -2224.69, 0],
		[55, "X2", "T", 2345.52, -2363.59, 180],
		[56, "TPJLC", "T", 816.25, -59.53, 0]
	]
},
"pins": {
	"fields": ["PIN_NO", "PIN_NAME", "PIN_X", "PIN_Y", "LAYER", "PIN_TYPE", "NET_NAME", "NET_TYPE", "PAD_SHAPE", "PAD_SIZEX", "PAD_SIZEY", "HOLE_SIZE", "PAD_ANGLE"],
	"rows": [
		[1, "C1_1", 300, -810.28, "T", "SMD", "GND", "GND", "R", 55.51, 53.15, 0, 90],
		[2, "C1_2", 300, -731.54, "T", "SMD", "12V_DC", "", "R", 55.51, 53.15, 0, 90],
		[3, "C2_1", 1037.3, -351.31, "T", "SMD", "VCC", "", "R", 55.51, 53.15, 0, 0],
		[4, "C2_2", 1116.04, -351.31, "T", "SMD", "GND", "GND", "R", 55.51, 53.15, 0, 0],
		[5, "C3_1", 1106.85, -440.4, "T", "SMD", "$C3_1", "", "R", 55.51, 53.15, 0, 0],
		[6, "C3_2", 1185.59, -440.4, "T", "SMD", "SW", "", "R", 55.51, 53.15, 0, 0],
		[7, "C4_1", 1223.45, -726.83, "T", "SMD", "+5V", "", "R", 55.51, 53.15, 0, 90],
		[8, "C4_2", 1223.45, -648.09, "T", "SMD", "GND", "GND", "R", 55.51, 53.15, 0, 90],
		[9, "C5_1", 197.85, -810.28, "T", "SMD", "GND", "GND", "R", 55.51, 53.15, 0, 90],
		[10, "C5_2", 197.85, -731.54, "T", "SMD", "12V_DC", "", "R", 55.51, 53.15, 0, 90],
		[11, "C8_1", 1121.3, -726.83, "T", "SMD", "+5V", "", "R", 55.51, 53.15, 0, 90],
		[12, "C8_2", 1121.3, -648.09, "T", "SMD", "GND", "GND", "R", 55.51, 53.15, 0, 90],
		[13, "C10_1", 1019.15, -726.83, "T", "SMD", "+5V", "", "R", 55.51, 53.15, 0, 90],
		[14, "C10_2", 1019.15, -648.09, "T", "SMD", "GND", "GND", "R", 55.51, 53.15, 0, 90],
		[15, "C11_1", 95.7, -810.32, "T", "SMD", "GND", "GND", "R", 55.51, 53.15, 0, 90],
		[16, "C11_2", 95.7, -731.58, "T", "SMD", "12V_DC", "", "R", 55.51, 53.15, 0, 90],
		[17, "C12_1", 1078.27, -139.4, "T", "SMD", "$C12_1", "", "R", 55.51, 53.15, 0, 90],
		[18, "C12_2", 1078.27, -60.66, "T", "SMD", "+5V", "", "R", 55.51, 53.15, 0, 90],
		[19, "C13_1", 1509.64, -135.2, "T", "SMD", "+5V", "", "R", 43.31, 51.18, 0, 90],
		[20, "C13_2", 1509.64, -56.46, "T", "SMD", "GND", "GND", "R", 43.31, 51.18, 0, 90],
		[21, "C14_1", 1600.27, -135.83, "T", "SMD", "SWD_3.3V", "", "R", 43.31, 51.18, 0, 90],
		[22, "C14_2", 1600.27, -57.09, "T", "SMD", "GND", "GND", "R", 43.31, 51.18, 0, 90],
		[23, "C15_1", 1860.5, -142.02, "T", "SMD", "NRST", "", "R", 31.5, 35.43, 0, 270],
		[24, "C15_2", 1860.5, -197.14, "T", "SMD", "GND", "GND", "R", 31.5, 35.43, 0, 270],
		[25, "C16_1", 2398.85, -2269.34, "T", "SMD", "GND", "GND", "R", 31.5, 35.43, 0, 90],
		[26, "C16_2", 2398.85, -2214.22, "T", "SMD", "PD0-OSC_IN", "", "R", 31.5, 35.43, 0, 90],
		[27, "C17_1", 2030.62, -2268.19, "T", "SMD", "GND", "GND", "R", 31.5, 35.43, 0, 90],
		[28, "C17_2", 2030.62, -2213.07, "T", "SMD", "PD1-OSC_OUT", "", "R", 31.5, 35.43, 0, 90],
		[29, "C18_1", 2200.98, -2422.72, "T", "SMD", "GND", "GND", "R", 31.5, 35.43, 0, 90],
		[30, "C18_2", 2200.98, -2367.6, "T", "SMD", "PC14", "", "R", 31.5, 35.43, 0, 90],
		[31, "C19_1", 2482.47, -2418.97, "T", "SMD", "GND", "GND", "R", 31.5, 35.43, 0, 90],
		[32, "C19_2", 2482.47, -2363.85, "T", "SMD", "PC15", "", "R", 31.5, 35.43, 0, 90],
		[33, "C20_1", 1451.71, -702.34, "T", "SMD", "SWD_3.3V", "", "R", 31.5, 35.43, 0, 270],
		[34, "C20_2", 1451.71, -757.46, "T", "SMD", "GND", "GND", "R", 31.5, 35.43, 0, 270],
		[35, "C21_1", 1542.83, -702.34, "T", "SMD", "SWD_3.3V", "", "R", 31.5, 35.43, 0, 270],
		[36, "C21_2", 1542.83, -757.46, "T", "SMD", "GND", "GND", "R", 31.5, 35.43, 0, 270],
		[37, "C22_1", 303.47, -1593.53, "T", "SMD", "GND", "GND", "R", 31.5, 35.43, 0, 270],
		[38, "C22_2", 303.47, -1648.65, "T", "SMD", "SWD_3.3V", "", "R", 31.5, 35.43, 0, 270],
		[39, "CN1_1", 169.68, -2424.12, "T", "DIP", "AM2", "", "C", 60, 60, 36, 270],
		[40, "CN1_1", 169.68, -2424.12, "B", "DIP", "AM2", "", "C", 60, 60, 36, 270],
		[41, "CN1_2", 169.68, -2502.86, "T", "DIP", "GND", "GND", "C", 60, 60, 36, 270],
		[42, "CN1_2", 169.68, -2502.86, "B", "DIP", "GND", "GND", "C", 60, 60, 36, 270],
		[43, "CN1_3", 169.68, -2581.6, "T", "DIP", "PA0", "", "C", 60, 60, 36, 270],
		[44, "CN1_3", 169.68, -2581.6, "B", "DIP", "PA0", "", "C", 60, 60, 36, 270],
		[45, "CN1_4", 169.68, -2660.34, "T", "DIP", "PA1", "", "C", 60, 60, 36, 270],
		[46, "CN1_4", 169.68, -2660.34, "B", "DIP", "PA1", "", "C", 60, 60, 36, 270],
		[47, "CN1_5", 169.68, -2739.08, "T", "DIP", "+5V", "", "C", 60, 60, 36, 270],
		[48, "CN1_5", 169.68, -2739.08, "B", "DIP", "+5V", "", "C", 60, 60, 36, 270],
		[49, "CN1_6", 169.68, -2817.82, "T", "DIP", "AM1", "", "C", 60, 60, 36, 270],
		[50, "CN1_6", 169.68, -2817.82, "B", "DIP", "AM1", "", "C", 60, 60, 36, 270],
		[51, "CN2_1", 3760.91, -2818.5, "T", "DIP", "BM2", "", "C", 60, 60, 36, 90],
		[52, "CN2_1", 3760.91, -2818.5, "B", "DIP", "BM2", "", "C", 60, 60, 36, 90],
		[53, "CN2_2", 3760.91, -2739.76, "T", "DIP", "GND", "GND", "C", 60, 60, 36, 90],
		[54, "CN2_2", 3760.91, -2739.76, "B", "DIP", "GND", "GND", "C", 60, 60, 36, 90],
		[55, "CN2_3", 3760.91, -2661.02, "T", "DIP", "PB7", "", "C", 60, 60, 36, 90],
		[56, "CN2_3", 3760.91, -2661.02, "B", "DIP", "PB7", "", "C", 60, 60, 36, 90],
		[57, "CN2_4", 3760.91, -2582.28, "T", "DIP", "PB6", "", "C", 60, 60, 36, 90],
		[58, "CN2_4", 3760.91, -2582.28, "B", "DIP", "PB6", "", "C", 60, 60, 36, 90],
		[59, "CN2_5", 3760.91, -2503.54, "T", "DIP", "+5V", "", "C", 60, 60, 36, 90],
		[60, "CN2_5", 3760.91, -2503.54, "B", "DIP", "+5V", "", "C", 60, 60, 36, 90],
		[61, "CN2_6", 3760.91, -2424.8, "T", "DIP", "BM1", "", "C", 60, 60, 36, 90],
		[62, "CN2_6", 3760.91, -2424.8, "B", "DIP", "BM1", "", "C", 60, 60, 36, 90],
		[63, "CN3_1", 1650.17, -2155.47, "T", "DIP", "GND", "GND", "C", 66.93, 66.93, 41.34, 90],
		[64, "CN3_1", 1650.17, -2155.47, "B", "DIP", "GND", "GND", "C", 66.93, 66.93, 41.34, 90],
		[65, "CN3_2", 1650.17, -2057.04, "T", "DIP", "PA14/SWCLK", "", "C", 66.93, 66.93, 41.34, 90],
		[66, "CN3_2", 1650.17, -2057.04, "B", "DIP", "PA14/SWCLK", "", "C", 66.93, 66.93, 41.34, 90],
		[67, "CN3_3", 1650.17, -1958.62, "T", "DIP", "PA13/SWDIO", "", "C", 66.93, 66.93, 41.34, 90],
		[68, "CN3_3", 1650.17, -1958.62, "B", "DIP", "PA13/SWDIO", "", "C", 66.93, 66.93, 41.34, 90],
		[69, "CN3_4", 1650.17, -1860.19, "T", "DIP", "SWD_3.3V", "", "C", 66.93, 66.93, 41.34, 90],
		[70, "CN3_4", 1650.17, -1860.19, "B", "DIP", "SWD_3.3V", "", "C", 66.93, 66.93, 41.34, 90],
		[71, "CN4_1", 1883.78, -1239.51, "T", "DIP", "GND", "GND", "R", 62.99, 62.99, 39.37, 90],
		[72, "CN4_1", 1883.78, -1239.51, "B", "DIP", "GND", "GND", "R", 62.99, 62.99, 39.37, 90],
		[73, "CN4_2", 1883.79, -1139.51, "T", "DIP", "PA9", "", "C", 62.99, 62.99, 39.37, 90],
		[74, "CN4_2", 1883.79, -1139.51, "B", "DIP", "PA9", "", "C", 62.99, 62.99, 39.37, 90],
		[75, "CN4_3", 1883.79, -1039.51, "T", "DIP", "PA10", "", "C", 62.99, 62.99, 39.37, 90],
		[76, "CN4_3", 1883.79, -1039.51, "B", "DIP", "PA10", "", "C", 62.99, 62.99, 39.37, 90],
		[77, "DC1_1", 547.26, -449.87, "T", "DIP", "12V_DC", "", "O", 165.35, 70.87, 137.79, 90],
		[78, "DC1_1", 547.26, -449.87, "B", "DIP", "12V_DC", "", "O", 165.35, 70.87, 137.79, 90],
		[79, "DC1_2", 311.04, -449.87, "T", "DIP", "GND", "GND", "O", 157.48, 70.87, 129.92, 270],
		[80, "DC1_2", 311.04, -449.87, "B", "DIP", "GND", "GND", "O", 157.48, 70.87, 129.92, 270],
		[81, "DC1_3", 429.14, -635.04, "T", "DIP", "GND", "GND", "O", 157.48, 70.87, 129.92, 0],
		[82, "DC1_3", 429.14, -635.04, "B", "DIP", "GND", "GND", "O", 157.48, 70.87, 129.92, 0],
		[83, "H1_1", 2132.65, -1306.21, "T", "DIP", "SWD_3.3V", "", "R", 62.99, 62.99, 41.34, 270],
		[84, "H1_1", 2132.65, -1306.21, "B", "DIP", "SWD_3.3V", "", "R", 62.99, 62.99, 41.34, 270],
		[85, "H1_2", 2232.65, -1306.21, "T", "DIP", "SWD_3.3V", "", "C", 62.99, 62.99, 41.34, 270],
		[86, "H1_2", 2232.65, -1306.21, "B", "DIP", "SWD_3.3V", "", "C", 62.99, 62.99, 41.34, 270],
		[87, "H1_3", 2132.65, -1406.21, "T", "DIP", "$H1_3", "", "C", 62.99, 62.99, 41.34, 270],
		[88, "H1_3", 2132.65, -1406.21, "B", "DIP", "$H1_3", "", "C", 62.99, 62.99, 41.34, 270],
		[89, "H1_4", 2232.65, -1406.21, "T", "DIP", "$H1_4", "", "C", 62.99, 62.99, 41.34, 270],
		[90, "H1_4", 2232.65, -1406.21, "B", "DIP", "$H1_4", "", "C", 62.99, 62.99, 41.34, 270],
		[91, "H1_5", 2132.65, -1506.21, "T", "DIP", "GND", "GND", "C", 62.99, 62.99, 41.34, 270],
		[92, "H1_5", 2132.65, -1506.21, "B", "DIP", "GND", "GND", "C", 62.99, 62.99, 41.34, 270],
		[93, "H1_6", 2232.65, -1506.21, "T", "DIP", "GND", "GND", "C", 62.99, 62.99, 41.34, 270],
		[94, "H1_6", 2232.65, -1506.21, "B", "DIP", "GND", "GND", "C", 62.99, 62.99, 41.34, 270],
		[95, "H5_1", 1286.36, -2394.42, "T", "DIP", "OLED_IIC1_SDA", "", "R", 66.93, 134, 0.1, 180],
		[96, "H5_1", 1286.36, -2394.42, "B", "DIP", "OLED_IIC1_SDA", "", "R", 66.93, 134, 0.1, 180],
		[97, "H5_2", 1186.36, -2394.42, "T", "DIP", "OLED_IIC1_SCL", "", "O", 66.93, 134, 0.1, 180],
		[98, "H5_2", 1186.36, -2394.42, "B", "DIP", "OLED_IIC1_SCL", "", "O", 66.93, 134, 0.1, 180],
		[99, "H5_3", 1086.36, -2394.42, "T", "DIP", "SWD_3.3V", "", "O", 66.93, 134, 0.1, 180],
		[100, "H5_3", 1086.36, -2394.42, "B", "DIP", "SWD_3.3V", "", "O", 66.93, 134, 0.1, 180],
		[101, "H5_4", 986.36, -2394.42, "T", "DIP", "GND", "GND", "O", 66.93, 134, 0.1, 180],
		[102, "H5_4", 986.36, -2394.42, "B", "DIP", "GND", "GND", "O", 66.93, 134, 0.1, 180],
		[103, "H6_1", 2984.72, -1277.79, "T", "DIP", "PB5", "", "R", 70.87, 140, 0.1, 0],
		[104, "H6_1", 2984.72, -1277.79, "B", "DIP", "PB5", "", "R", 70.87, 140, 0.1, 0],
		[105, "H6_2", 3084.72, -1277.79, "T", "DIP", "H6_2", "", "O", 70.87, 140, 0.1, 0],
		[106, "H6_2", 3084.72, -1277.79, "B", "DIP", "H6_2", "", "O", 70.87, 140, 0.1, 0],
		[107, "H6_3", 3184.72, -1277.79, "T", "DIP", "H6_3", "", "O", 70.87, 140, 0.1, 0],
		[108, "H6_3", 3184.72, -1277.79, "B", "DIP", "H6_3", "", "O", 70.87, 140, 0.1, 0],
		[109, "H6_4", 3284.72, -1277.79, "T", "DIP", "H6_4", "", "O", 70.87, 140, 0.1, 0],
		[110, "H6_4", 3284.72, -1277.79, "B", "DIP", "H6_4", "", "O", 70.87, 140, 0.1, 0],
		[111, "H6_5", 3384.72, -1277.79, "T", "DIP", "PB11/IIC2_SDA", "", "O", 70.87, 140, 0.1, 0],
		[112, "H6_5", 3384.72, -1277.79, "B", "DIP", "PB11/IIC2_SDA", "", "O", 70.87, 140, 0.1, 0],
		[113, "H6_6", 3484.72, -1277.79, "T", "DIP", "PB10/IIC2_SCL", "", "O", 70.87, 140, 0.1, 0],
		[114, "H6_6", 3484.72, -1277.79, "B", "DIP", "PB10/IIC2_SCL", "", "O", 70.87, 140, 0.1, 0],
		[115, "H6_7", 3584.72, -1277.79, "T", "DIP", "GND", "GND", "O", 70.87, 140, 0.1, 0],
		[116, "H6_7", 3584.72, -1277.79, "B", "DIP", "GND", "GND", "O", 70.87, 140, 0.1, 0],
		[117, "H6_8", 3684.72, -1277.79, "T", "DIP", "+5V", "", "O", 70.87, 140, 0.1, 0],
		[118, "H6_8", 3684.72, -1277.79, "B", "DIP", "+5V", "", "O", 70.87, 140, 0.1, 0],
		[119, "H7_1", 2315.4, -3260.65, "T", "DIP", "GND", "GND", "R", 66.93, 66.93, 43.31, 180],
		[120, "H7_1", 2315.4, -3260.65, "B", "DIP", "GND", "GND", "R", 66.93, 66.93, 43.31, 180],
		[121, "H7_2", 2215.4, -3260.65, "T", "DIP", "PB4", "", "C", 66.93, 66.93, 43.31, 180],
		[122, "H7_2", 2215.4, -3260.65, "B", "DIP", "PB4", "", "C", 66.93, 66.93, 43.31, 180],
		[123, "H7_3", 2115.4, -3260.65, "T", "DIP", "PA4", "", "C", 66.93, 66.93, 43.31, 180],
		[124, "H7_3", 2115.4, -3260.65, "B", "DIP", "PA4", "", "C", 66.93, 66.93, 43.31, 180],
		[125, "H7_4", 2015.4, -3260.65, "T", "DIP", "+5V", "", "C", 66.93, 66.93, 43.31, 180],
		[126, "H7_4", 2015.4, -3260.65, "B", "DIP", "+5V", "", "C", 66.93, 66.93, 43.31, 180],
		[127, "H8_1", 2483.77, -776.23, "T", "DIP", "H8_1", "", "R", 70.87, 140, 0.1, 90],
		[128, "H8_1", 2483.77, -776.23, "B", "DIP", "H8_1", "", "R", 70.87, 140, 0.1, 90],
		[129, "H8_2", 2483.77, -676.23, "T", "DIP", "SWD_3.3V", "", "O", 62.99, 126, 0.1, 90],
		[130, "H8_2", 2483.77, -676.23, "B", "DIP", "SWD_3.3V", "", "O", 62.99, 126, 0.1, 90],
		[131, "H8_3", 2483.77, -576.23, "T", "DIP", "GND", "GND", "O", 62.99, 126, 0.1, 90],
		[132, "H8_3", 2483.77, -576.23, "B", "DIP", "GND", "GND", "O", 62.99, 126, 0.1, 90],
		[133, "H8_4", 2483.77, -476.23, "T", "DIP", "BLUE_USART2_RX", "", "O", 62.99, 126, 0.1, 90],
		[134, "H8_4", 2483.77, -476.23, "B", "DIP", "BLUE_USART2_RX", "", "O", 62.99, 126, 0.1, 90],
		[135, "H8_5", 2483.77, -376.23, "T", "DIP", "BLUE_USART2_TX", "", "O", 62.99, 126, 0.1, 90],
		[136, "H8_5", 2483.77, -376.23, "B", "DIP", "BLUE_USART2_TX", "", "O", 62.99, 126, 0.1, 90],
		[137, "H8_6", 2483.77, -276.23, "T", "DIP", "PB1", "", "O", 62.99, 126, 0.1, 90],
		[138, "H8_6", 2483.77, -276.23, "B", "DIP", "PB1", "", "O", 62.99, 126, 0.1, 90],
		[139, "H10_1", 699.15, -1822.46, "T", "DIP", "GND", "GND", "R", 70.87, 140, 0.1, 90],
		[140, "H10_1", 699.15, -1822.46, "B", "DIP", "GND", "GND", "R", 70.87, 140, 0.1, 90],
		[141, "H10_2", 699.15, -1722.46, "T", "DIP", "BM1", "", "O", 70.87, 140, 0.1, 90],
		[142, "H10_2", 699.15, -1722.46, "B", "DIP", "BM1", "", "O", 70.87, 140, 0.1, 90],
		[143, "H10_3", 699.15, -1622.46, "T", "DIP", "BM2", "", "O", 70.87, 140, 0.1, 90],
		[144, "H10_3", 699.15, -1622.46, "B", "DIP", "BM2", "", "O", 70.87, 140, 0.1, 90],
		[145, "H10_4", 699.15, -1522.46, "T", "DIP", "AM1", "", "O", 70.87, 140, 0.1, 90],
		[146, "H10_4", 699.15, -1522.46, "B", "DIP", "AM1", "", "O", 70.87, 140, 0.1, 90],
		[147, "H10_5", 699.15, -1422.46, "T", "DIP", "AM2", "", "O", 70.87, 140, 0.1, 90],
		[148, "H10_5", 699.15, -1422.46, "B", "DIP", "AM2", "", "O", 70.87, 140, 0.1, 90],
		[149, "H10_6", 699.15, -1322.46, "T", "DIP", "GND", "GND", "O", 70.87, 140, 0.1, 90],
		[150, "H10_6", 699.15, -1322.46, "B", "DIP", "GND", "GND", "O", 70.87, 140, 0.1, 90],
		[151, "H10_7", 699.15, -1222.46, "T", "DIP", "SWD_3.3V", "", "O", 70.87, 140, 0.1, 90],
		[152, "H10_7", 699.15, -1222.46, "B", "DIP", "SWD_3.3V", "", "O", 70.87, 140, 0.1, 90],
		[153, "H10_8", 699.15, -1122.46, "T", "DIP", "12V_DC", "", "O", 70.87, 140, 0.1, 90],
		[154, "H10_8", 699.15, -1122.46, "B", "DIP", "12V_DC", "", "O", 70.87, 140, 0.1, 90],
		[155, "H11_1", 1293.64, -1827.46, "T", "DIP", "GND", "GND", "R", 70.87, 140, 0.1, 90],
		[156, "H11_1", 1293.64, -1827.46, "B", "DIP", "GND", "GND", "R", 70.87, 140, 0.1, 90],
		[157, "H11_2", 1293.64, -1727.46, "T", "DIP", "PA8", "", "O", 70.87, 140, 0.1, 90],
		[158, "H11_2", 1293.64, -1727.46, "B", "DIP", "PA8", "", "O", 70.87, 140, 0.1, 90],
		[159, "H11_3", 1293.64, -1627.46, "T", "DIP", "PB15", "", "O", 70.87, 140, 0.1, 90],
		[160, "H11_3", 1293.64, -1627.46, "B", "DIP", "PB15", "", "O", 70.87, 140, 0.1, 90],
		[161, "H11_4", 1293.64, -1527.46, "T", "DIP", "PB14", "", "O", 70.87, 140, 0.1, 90],
		[162, "H11_4", 1293.64, -1527.46, "B", "DIP", "PB14", "", "O", 70.87, 140, 0.1, 90],
		[163, "H11_5", 1293.64, -1427.46, "T", "DIP", "PB0", "", "O", 70.87, 140, 0.1, 90],
		[164, "H11_5", 1293.64, -1427.46, "B", "DIP", "PB0", "", "O", 70.87, 140, 0.1, 90],
		[165, "H11_6", 1293.64, -1327.46, "T", "DIP", "PB13", "", "O", 70.87, 140, 0.1, 90],
		[166, "H11_6", 1293.64, -1327.46, "B", "DIP", "PB13", "", "O", 70.87, 140, 0.1, 90],
		[167, "H11_7", 1293.64, -1227.46, "T", "DIP", "PB12", "", "O", 70.87, 140, 0.1, 90],
		[168, "H11_7", 1293.64, -1227.46, "B", "DIP", "PB12", "", "O", 70.87, 140, 0.1, 90],
		[169, "H11_8", 1293.64, -1127.46, "T", "DIP", "PA11", "", "O", 70.87, 140, 0.1, 90],
		[170, "H11_8", 1293.64, -1127.46, "B", "DIP", "PA11", "", "O", 70.87, 140, 0.1, 90],
		[171, "K1_1", 1947.86, -840.95, "T", "SMD", "GND", "GND", "R", 33.07, 75.59, 0, 0],
		[172, "K1_2", 1947.86, -540.95, "T", "SMD", "NRST", "", "R", 33.07, 75.59, 0, 0],
		[173, "L2_1", 883.69, -725.17, "T", "SMD", "+5V", "", "R", 98.42, 137.79, 0, 180],
		[174, "L2_2", 644.71, -725.17, "T", "SMD", "SW", "", "R", 98.42, 137.79, 0, 180],
		[175, "LED1_1", 1723.17, -723.56, "T", "SMD", "$LED1_1", "", "R", 31.5, 31.5, 0, 180],
		[176, "LED1_2", 1722.97, -660.56, "T", "SMD", "SWD_3.3V", "", "R", 31.5, 31.5, 0, 180],
		[177, "LED2_1", 1805.67, -723.24, "T", "SMD", "$LED2_1", "", "R", 31.5, 31.5, 0, 180],
		[178, "LED2_2", 1805.47, -660.24, "T", "SMD", "SWD_3.3V", "", "R", 31.5, 31.5, 0, 180],
		[179, "R2_1", 937.49, -440.4, "T", "SMD", "BST", "", "R", 44.59, 54.21, 0, 0],
		[180, "R2_2", 1016.23, -440.4, "T", "SMD", "$C3_1", "", "R", 44.59, 54.21, 0, 0],
		[181, "R4_1", 975.59, -142.37, "T", "SMD", "$C12_1", "", "R", 44.59, 54.21, 0, 90],
		[182, "R4_2", 975.59, -63.63, "T", "SMD", "+5V", "", "R", 44.59, 54.21, 0, 90],
		[183, "R5_1", 1067.16, -258.6, "T", "SMD", "$C12_1", "", "R", 44.59, 54.21, 0, 0],
		[184, "R5_2", 1145.9, -258.6, "T", "SMD", "GND", "GND", "R", 44.59, 54.21, 0, 0],
		[185, "R6_1", 713.52, -272.46, "T", "SMD", "12V_DC", "", "R", 44.59, 54.21, 0, 0],
		[186, "R6_2", 792.26, -272.46, "T", "SMD", "EN", "", "R", 44.59, 54.21, 0, 0],
		[187, "R7_1", 449.78, -197.46, "T", "SMD", "GND", "GND", "R", 44.59, 54.21, 0, 0],
		[188, "R7_2", 528.52, -197.46, "T", "SMD", "AGND", "", "R", 44.59, 54.21, 0, 0],
		[189, "R8_1", 897.49, -258.6, "T", "SMD", "FB", "", "R", 44.59, 54.21, 0, 0],
		[190, "R8_2", 976.23, -258.6, "T", "SMD", "$C12_1", "", "R", 44.59, 54.21, 0, 0],
		[191, "R10_1", 1946.24, -79.78, "T", "SMD", "SWD_3.3V", "", "R", 31.75, 34.02, 0, 270],
		[192, "R10_2", 1946.24, -139.1, "T", "SMD", "NRST", "", "R", 31.75, 34.02, 0, 270],
		[193, "R11_1", 2047.07, -1464.88, "T", "SMD", "BOOT0", "", "R", 31.75, 34.02, 0, 90],
		[194, "R11_2", 2047.07, -1405.56, "T", "SMD", "$H1_3", "", "R", 31.75, 34.02, 0, 90],
		[195, "R12_1", 2324.09, -1404.64, "T", "SMD", "$H1_4", "", "R", 31.75, 34.02, 0, 270],
		[196, "R12_2", 2324.09, -1463.96, "T", "SMD", "PB2/BOOT1", "", "R", 31.75, 34.02, 0, 270],
		[197, "R13_1", 1719.08, -778.75, "T", "SMD", "$LED1_1", "", "R", 31.75, 34.02, 0, 270],
		[198, "R13_2", 1719.08, -838.07, "T", "SMD", "PC13", "", "R", 31.75, 34.02, 0, 270],
		[199, "R14_1", 1805.27, -780.89, "T", "SMD", "$LED2_1", "", "R", 31.75, 34.02, 0, 270],
		[200, "R14_2", 1805.27, -840.21, "T", "SMD", "GND", "GND", "R", 31.75, 34.02, 0, 270],
		[201, "R15_1", 2172.07, -368.5, "T", "SMD", "CC1", "", "R", 31.75, 34.02, 0, 0],
		[202, "R15_2", 2231.39, -368.5, "T", "SMD", "GND", "GND", "R", 31.75, 34.02, 0, 0],
		[203, "R16_1", 2046.94, -364.18, "T", "SMD", "CC2", "", "R", 31.75, 34.02, 0, 180],
		[204, "R16_2", 1987.62, -364.18, "T", "SMD", "GND", "GND", "R", 31.75, 34.02, 0, 180],
		[205, "R17_1", 2169.13, -2237.06, "B", "SMD", "PD1-OSC_OUT", "", "R", 44.59, 54.21, 0, 0],
		[206, "R17_2", 2247.87, -2237.06, "B", "SMD", "PD0-OSC_IN", "", "R", 44.59, 54.21, 0, 0],
		[207, "U1_1", 741.47, -364.07, "T", "SMD", "AGND", "", "O", 14.33, 48.11, 0, 270],
		[208, "U1_2", 741.47, -389.67, "T", "SMD", "12V_DC", "", "O", 14.33, 48.11, 0, 270],
		[209, "U1_3", 741.47, -415.26, "T", "SMD", "SW", "", "O", 14.33, 48.11, 0, 270],
		[210, "U1_4", 741.47, -440.85, "T", "SMD", "GND", "GND", "O", 14.33, 48.11, 0, 270],
		[211, "U1_5", 836.83, -440.85, "T", "SMD", "BST", "", "O", 14.33, 48.11, 0, 270],
		[212, "U1_6", 836.83, -415.26, "T", "SMD", "EN", "", "O", 14.33, 48.11, 0, 270],
		[213, "U1_7", 836.83, -389.67, "T", "SMD", "VCC", "", "O", 14.33, 48.11, 0, 270],
		[214, "U1_8", 836.83, -364.07, "T", "SMD", "FB", "", "O", 14.33, 48.11, 0, 270],
		[215, "U2_1", 1589.7, -360.85, "T", "SMD", "GND", "GND", "R", 97.24, 38.58, 0, 90],
		[216, "U2_2", 1499.15, -360.85, "T", "SMD", "SWD_3.3V", "", "R", 97.24, 38.58, 0, 90],
		[217, "U2_3", 1408.6, -360.85, "T", "SMD", "+5V", "", "R", 97.24, 38.58, 0, 90],
		[218, "U2_4", 1499.15, -584.07, "T", "SMD", "SWD_3.3V", "", "R", 97.24, 141.73, 0, 90],
		[219, "U3_1", 2210.91, -2067.33, "T", "SMD", "VBAT", "", "O", 10.63, 59.05, 0, 45],
		[220, "U3_2", 2224.83, -2053.41, "T", "SMD", "PC13", "", "O", 10.63, 59.05, 0, 45],
		[221, "U3_3", 2238.75, -2039.49, "T", "SMD", "PC14", "", "O", 10.63, 59.05, 0, 45],
		[222, "U3_4", 2252.67, -2025.57, "T", "SMD", "PC15", "", "O", 10.63, 59.05, 0, 45],
		[223, "U3_5", 2266.58, -2011.65, "T", "SMD", "PD0-OSC_IN", "", "O", 10.63, 59.05, 0, 45],
		[224, "U3_6", 2280.51, -1997.73, "T", "SMD", "PD1-OSC_OUT", "", "O", 10.63, 59.05, 0, 45],
		[225, "U3_7", 2294.42, -1983.81, "T", "SMD", "NRST", "", "O", 10.63, 59.05, 0, 45],
		[226, "U3_8", 2308.35, -1969.89, "T", "SMD", "GND", "GND", "O", 10.63, 59.05, 0, 45],
		[227, "U3_9", 2322.26, -1955.97, "T", "SMD", "SWD_3.3V", "", "O", 10.63, 59.05, 0, 45],
		[228, "U3_10", 2336.19, -1942.05, "T", "SMD", "PA0", "", "O", 10.63, 59.05, 0, 45],
		[229, "U3_11", 2350.1, -1928.14, "T", "SMD", "PA1", "", "O", 10.63, 59.05, 0, 45],
		[230, "U3_12", 2364.02, -1914.21, "T", "SMD", "BLUE_USART2_RX", "", "O", 10.63, 59.05, 0, 45],
		[231, "U3_13", 2364.02, -1830.7, "T", "SMD", "BLUE_USART2_TX", "", "O", 59.05, 10.63, 0, 45],
		[232, "U3_14", 2350.1, -1816.78, "T", "SMD", "PA4", "", "O", 59.05, 10.63, 0, 45],
		[233, "U3_15", 2336.19, -1802.86, "T", "SMD", "PA5", "", "O", 59.05, 10.63, 0, 45],
		[234, "U3_16", 2322.26, -1788.94, "T", "SMD", "PA6", "", "O", 59.05, 10.63, 0, 45],
		[235, "U3_17", 2308.35, -1775.03, "T", "SMD", "PA7", "", "O", 59.05, 10.63, 0, 45],
		[236, "U3_18", 2294.42, -1761.1, "T", "SMD", "PB0", "", "O", 59.05, 10.63, 0, 45],
		[237, "U3_19", 2280.51, -1747.19, "T", "SMD", "PB1", "", "O", 59.05, 10.63, 0, 45],
		[238, "U3_20", 2266.58, -1733.26, "T", "SMD", "PB2/BOOT1", "", "O", 59.05, 10.63, 0, 45],
		[239, "U3_21", 2252.67, -1719.35, "T", "SMD", "PB10/IIC2_SCL", "", "O", 59.05, 10.63, 0, 45],
		[240, "U3_22", 2238.75, -1705.43, "T", "SMD", "PB11/IIC2_SDA", "", "O", 59.05, 10.63, 0, 45],
		[241, "U3_23", 2224.83, -1691.51, "T", "SMD", "GND", "GND", "O", 59.05, 10.63, 0, 45],
		[242, "U3_24", 2210.91, -1677.59, "T", "SMD", "SWD_3.3V", "", "O", 59.05, 10.63, 0, 45],
		[243, "U3_25", 2127.4, -1677.59, "T", "SMD", "PB12", "", "O", 10.63, 59.05, 0, 45],
		[244, "U3_26", 2113.48, -1691.51, "T", "SMD", "PB13", "", "O", 10.63, 59.05, 0, 45],
		[245, "U3_27", 2099.56, -1705.43, "T", "SMD", "PB14", "", "O", 10.63, 59.05, 0, 45],
		[246, "U3_28", 2085.64, -1719.35, "T", "SMD", "PB15", "", "O", 10.63, 59.05, 0, 45],
		[247, "U3_29", 2071.72, -1733.26, "T", "SMD", "PA8", "", "O", 10.63, 59.05, 0, 45],
		[248, "U3_30", 2057.8, -1747.19, "T", "SMD", "PA9", "", "O", 10.63, 59.05, 0, 45],
		[249, "U3_31", 2043.88, -1761.1, "T", "SMD", "PA10", "", "O", 10.63, 59.05, 0, 45],
		[250, "U3_32", 2029.96, -1775.03, "T", "SMD", "PA11", "", "O", 10.63, 59.05, 0, 45],
		[251, "U3_33", 2016.04, -1788.94, "T", "SMD", "PA12", "", "O", 10.63, 59.05, 0, 45],
		[252, "U3_34", 2002.12, -1802.86, "T", "SMD", "PA13/SWDIO", "", "O", 10.63, 59.05, 0, 45],
		[253, "U3_35", 1988.2, -1816.78, "T", "SMD", "GND", "GND", "O", 10.63, 59.05, 0, 45],
		[254, "U3_36", 1974.28, -1830.7, "T", "SMD", "SWD_3.3V", "", "O", 10.63, 59.05, 0, 45],
		[255, "U3_37", 1974.28, -1914.21, "T", "SMD", "PA14/SWCLK", "", "O", 59.05, 10.63, 0, 45],
		[256, "U3_38", 1988.2, -1928.14, "T", "SMD", "PA15", "", "O", 59.05, 10.63, 0, 45],
		[257, "U3_39", 2002.12, -1942.05, "T", "SMD", "PB3", "", "O", 59.05, 10.63, 0, 45],
		[258, "U3_40", 2016.04, -1955.97, "T", "SMD", "PB4", "", "O", 59.05, 10.63, 0, 45],
		[259, "U3_41", 2029.96, -1969.89, "T", "SMD", "PB5", "", "O", 59.05, 10.63, 0, 45],
		[260, "U3_42", 2043.88, -1983.81, "T", "SMD", "PB6", "", "O", 59.05, 10.63, 0, 45],
		[261, "U3_43", 2057.8, -1997.73, "T", "SMD", "PB7", "", "O", 59.05, 10.63, 0, 45],
		[262, "U3_44", 2071.72, -2011.65, "T", "SMD", "BOOT0", "", "O", 59.05, 10.63, 0, 45],
		[263, "U3_45", 2085.64, -2025.57, "T", "SMD", "OLED_IIC1_SCL", "", "O", 59.05, 10.63, 0, 45],
		[264, "U3_46", 2099.56, -2039.49, "T", "SMD", "OLED_IIC1_SDA", "", "O", 59.05, 10.63, 0, 45],
		[265, "U3_47", 2113.48, -2053.41, "T", "SMD", "GND", "GND", "O", 59.05, 10.63, 0, 45],
		[266, "U3_48", 2127.4, -2067.33, "T", "SMD", "SWD_3.3V", "", "O", 59.05, 10.63, 0, 45],
		[267, "USBC1_1", 2354.23, -243.42, "T", "DIP", "GND", "GND", "O", 39.37, 82.68, 66.93, 180],
		[268, "USBC1_1", 2354.23, -243.42, "B", "DIP", "GND", "GND", "O", 39.37, 82.68, 66.93, 180],
		[269, "USBC1_2", 2354.23, -78.86, "T", "DIP", "GND", "GND", "O", 39.37, 70.87, 55.12, 180],
		[270, "USBC1_2", 2354.23, -78.86, "B", "DIP", "GND", "GND", "O", 39.37, 70.87, 55.12, 180],
		[271, "USBC1_3", 2014.07, -78.86, "T", "DIP", "GND", "GND", "O", 39.37, 70.87, 55.12, 180],
		[272, "USBC1_3", 2014.07, -78.86, "B", "DIP", "GND", "GND", "O", 39.37, 70.87, 55.12, 180],
		[273, "USBC1_4", 2014.07, -243.42, "T", "DIP", "GND", "GND", "O", 39.37, 82.68, 66.93, 180],
		[274, "USBC1_4", 2014.07, -243.42, "B", "DIP", "GND", "GND", "O", 39.37, 82.68, 66.93, 180],
		[275, "USBC1_A1-B12", 2310.14, -266.06, "T", "SMD", "GND", "GND", "R", 23.62, 45.28, 0, 180],
		[276, "USBC1_A4-B9", 2278.64, -266.06, "T", "SMD", "SWD_3.3V", "", "R", 23.62, 45.28, 0, 180],
		[277, "USBC1_A5", 2233.36, -266.06, "T", "SMD", "CC1", "", "R", 11.81, 45.28, 0, 180],
		[278, "USBC1_A6", 2193.99, -266.06, "T", "SMD", "PA12", "", "R", 11.81, 45.28, 0, 180],
		[279, "USBC1_A7", 2174.31, -266.06, "T", "SMD", "PA11", "", "R", 11.81, 45.28, 0, 180],
		[280, "USBC1_A8", 2134.94, -266.06, "T", "SMD", "USBC1_A8", "", "R", 11.81, 45.28, 0, 180],
		[281, "USBC1_B1-A12", 2058.17, -266.06, "T", "SMD", "USBC1_B1-A12", "", "R", 23.62, 45.28, 0, 180],
		[282, "USBC1_B4-A9", 2089.66, -266.06, "T", "SMD", "USBC1_B4-A9", "", "R", 23.62, 45.28, 0, 180],
		[283, "USBC1_B5", 2115.25, -266.06, "T", "SMD", "CC2", "", "R", 11.81, 45.28, 0, 180],
		[284, "USBC1_B6", 2154.62, -266.06, "T", "SMD", "PA12", "", "R", 11.81, 45.28, 0, 180],
		[285, "USBC1_B7", 2213.68, -266.06, "T", "SMD", "PA11", "", "R", 11.81, 45.28, 0, 180],
		[286, "USBC1_B8", 2253.05, -266.06, "T", "SMD", "USBC1_B8", "", "R", 11.81, 45.28, 0, 180],
		[287, "X1_1", 2133.86, -2224.69, "T", "SMD", "PD1-OSC_OUT", "", "R", 74.8, 94.49, 0, 0],
		[288, "X1_2", 2295.28, -2224.69, "T", "SMD", "PD0-OSC_IN", "", "R", 74.8, 94.49, 0, 0],
		[289, "X2_1", 2395.72, -2363.59, "T", "SMD", "PC15", "", "R", 41.34, 66.93, 0, 180],
		[290, "X2_2", 2295.32, -2363.59, "T", "SMD", "PC14", "", "R", 41.34, 66.93, 0, 180],
		[291, "TPJLC_TP1", 816.25, -59.53, "T", "TP", "+5V", "", "C", 24, 24, 0, 0],
		[292, "TPJLC_TP2", 815.43, -142.1, "T", "TP", "GND", "GND", "C", 24, 24, 0, 0],
		[293, "TPJLC_TP3", 130.16, -233.29, "T", "TP", "GND", "GND", "C", 24, 24, 0, 0],
		[294, "TPJLC_TP4", 216.08, -233.29, "T", "TP", "12V_DC", "", "C", 24, 24, 0, 0],
		[295, "TPJLC_TP5", 1663.07, -293.63, "T", "TP", "GND", "GND", "C", 24, 24, 0, 0],
		[296, "TPJLC_TP6", 1661.23, -235.19, "T", "TP", "SWD_3.3V", "", "C", 24, 24, 0, 0]
	]
}
}