{
"lengthUnit": "mil",
"components": {
	"fields": ["COMPONENT_NO", "COMPONENT_NAME", "LAYER", "X_COORDINATE", "Y_COORDINATE", "ANGLE"],
	"rows": [
		[1, "C1", "T", 300, -770.91, 90],
		[2, "C2", "T", 1076.67, -351.31, 0],
		[3, "C3", "T", 1146.22, -440.4, 0],
		[4, "C4", "T", 1223.45, -687.46, 90],
		[5, "C5", "T", 197.85, -770.91, 90],
		[6, "C8", "T", 1121.3, -687.46, 90],
		[7, "C10", "T", 1019.15, -687.46, 90],
		[8, "C11", "T", 95.7, -770.95, 90],
		[9, "C12", "T", 1078.27, -100.03, 90],
		[10, "C13", "T", 1509.64, -95.83, 90],
		[11, "C14", "T", 1600.27, -96.46, 90],
		[12, "C15", "T", 1860.5, -169.58, 270],
		[13, "C16", "T", 2239.02, -2384.83, 180],
		[14, "C17", "T", 2078.45, -2383.56, 0],
		[15, "C18", "T", 2040.51, -2572.12, 90],
		[16, "C19", "T", 2292.28, -2563.24, 90],
		[17, "C20", "T", 1451.71, -729.9, 270],
		[18, "C21", "T", 1542.83, -729.9, 270],
		[19, "C22", "T", 303.47, -1621.09, 270],
		[20, "CN1", "T", 169.67, -2620.97, 270],
		[21, "CN2", "T", 3760.91, -2621.65, 90],
		[22, "CN3", "T", 246.05, -1946.86, 270],
		[23, "CN4", "T", 229.52, -1146.59, 90],
		[24, "DC1", "T", 429.15, -542.46, 0],
		[25, "H1", "T", 2252.84, -688.74, 270],
		[26, "H3", "T", 2474.15, -1887.46, 90],
		[27, "H4", "T", 1874.15, -1887.46, 90],
		[28, "H5", "T", 1145.85, -2117.01, 180],
		[29, "H6", "T", 3334.72, -1277.79, 0],
		[30, "H7", "T", 2165.4, -3260.65, 180],
		[31, "H8", "T", 2483.77, -526.23, 90],
		[32, "H10", "T", 699.15, -1472.46, 90],
		[33, "H11", "T", 1293.64, -1477.46, 90],
		[34, "K1", "T", 1954.15, -687.46, 270],
		[35, "L2", "T", 764.2, -725.17, 180],
		[36, "LED1", "T", 1722.77, -690.06, 90],
		[37, "LED2", "T", 1805.27, -689.74, 90],
		[38, "R2", "T", 976.86, -440.4, 0],
		[39, "R4", "T", 975.59, -103, 90],
		[40, "R5", "T", 1106.53, -258.6, 0],
		[41, "R6", "T", 752.89, -272.46, 0],
		[42, "R7", "T", 489.15, -197.46, 0],
		[43, "R8", "T", 936.86, -258.6, 0],
		[44, "R10", "T", 1946.24, -109.44, 270],
		[45, "R11", "T", 2105.15, -718.74, 90],
		[46, "R12", "T", 2361.66, -932.02, 270],
		[47, "R13", "T", 1719.08, -808.41, 270],
		[48, "R14", "T", 1805.27, -810.55, 270],
		[49, "R15", "T", 2201.73, -368.5, 0],
		[50, "R16", "T", 2017.28, -364.18, 180],
		[51, "U1", "T", 789.15, -402.46, 270],
		[52, "U2", "T", 1499.15, -472.46, 90],
		[53, "U3", "T", 2169.15, -1872.46, 45],
		[54, "USBC1", "T", 2184.15, -172.46, 180],
		[55, "X1", "T", 2191.57, -2251.65, 0],
		[56, "X2", "T", 2168.46, -2485.74, 180],
		[57, "TPJLC", "T", 816.25, -59.53, 0]
	]
},
"pins": {
	"fields": ["PIN_NO", "PIN_NAME", "PIN_X", "PIN_Y", "LAYER", "PIN_TYPE", "NET_NAME", "NET_TYPE", "PAD_SHAPE", "PAD_SIZEX", "PAD_SIZEY", "HOLE_SIZE", "PAD_ANGLE"],
	"rows": [
		[1, "C1_1", 300, -810.28, "T", "SMD", "GND", "GND", "R", 55.51, 53.15, 0, 90],
		[2, "C1_2", 300, -731.54, "T", "SMD", "12V_DC", "", "R", 55.51, 53.15, 0, 90],
		[3, "C2_1", 1037.3, -351.31, "T", "SMD", "VCC", "", "R", 55.51, 53.15, 0, 0],
		[4, "C2_2", 1116.04, -351.31, "T", "SMD", "GND", "GND", "R", 55.51, 53.15, 0, 0],
		[5, "C3_1", 1106.85, -440.4, "T", "SMD", "$C3_1", "", "R", 55.51, 53.15, 0, 0],
		[6, "C3_2", 1185.59, -440.4, "T", "SMD", "SW", "", "R", 55.51, 53.15, 0, 0],
		[7, "C4_1", 1223.45, -726.83, "T", "SMD", "+5V", "", "R", 55.51, 53.15, 0, 90],
		[8, "C4_2", 1223.45, -648.09, "T", "SMD", "GND", "GND", "R", 55.51, 53.15, 0, 90],
		[9, "C5_1", 197.85, -810.28, "T", "SMD", "GND", "GND", "R", 55.51, 53.15, 0, 90],
		[10, "C5_2", 197.85, -731.54, "T", "SMD", "12V_DC", "", "R", 55.51, 53.15, 0, 90],
		[11, "C8_1", 1121.3, -726.83, "T", "SMD", "+5V", "", "R", 55.51, 53.15, 0, 90],
		[12, "C8_2", 1121.3, -648.09, "T", "SMD", "GND", "GND", "R", 55.51, 53.15, 0, 90],
		[13, "C10_1", 1019.15, -726.83, "T", "SMD", "+5V", "", "R", 55.51, 53.15, 0, 90],
		[14, "C10_2", 1019.15, -648.09, "T", "SMD", "GND", "GND", "R", 55.51, 53.15, 0, 90],
		[15, "C11_1", 95.7, -810.32, "T", "SMD", "GND", "GND", "R", 55.51, 53.15, 0, 90],
		[16, "C11_2", 95.7, -731.58, "T", "SMD", "12V_DC", "", "R", 55.51, 53.15, 0, 90],
		[17, "C12_1", 1078.27, -139.4, "T", "SMD", "$C12_1", "", "R", 55.51, 53.15, 0, 90],
		[18, "C12_2", 1078.27, -60.66, "T", "SMD", "+5V", "", "R", 55.51, 53.15, 0, 90],
		[19, "C13_1", 1509.64, -135.2, "T", "SMD", "+5V", "", "R", 43.31, 51.18, 0, 90],
		[20, "C13_2", 1509.64, -56.46, "T", "SMD", "GND", "GND", "R", 43.31, 51.18, 0, 90],
		[21, "C14_1", 1600.27, -135.83, "T", "SMD", "SWD_3.3V", "", "R", 43.31, 51.18, 0, 90],
		[22, "C14_2", 1600.27, -57.09, "T", "SMD", "GND", "GND", "R", 43.31, 51.18, 0, 90],
		[23, "C15_1", 1860.5, -142.02, "T", "SMD", "NRST", "", "R", 31.5, 35.43, 0, 270],
		[24, "C15_2", 1860.5, -197.14, "T", "SMD", "GND", "GND", "R", 31.5, 35.43, 0, 270],
		[25, "C16_1", 2266.58, -2384.83, "T", "SMD", "GND", "GND", "R", 31.5, 35.43, 0, 180],
		[26, "C16_2", 2211.46, -2384.83, "T", "SMD", "PD0-OSC_IN", "", "R", 31.5, 35.43, 0, 180],
		[27, "C17_1", 2050.89, -2383.56, "T", "SMD", "GND", "GND", "R", 31.5, 35.43, 0, 0],
		[28, "C17_2", 2106.01, -2383.56, "T", "SMD", "PD1-OSC_OUT", "", "R", 31.5, 35.43, 0, 0],
		[29, "C18_1", 2040.51, -2599.68, "T", "SMD", "GND", "GND", "R", 31.5, 35.43, 0, 90],
		[30, "C18_2", 2040.51, -2544.56, "T", "SMD", "PC14", "", "R", 31.5, 35.43, 0, 90],
		[31, "C19_1", 2292.28, -2590.8, "T", "SMD", "GND", "GND", "R", 31.5, 35.43, 0, 90],
		[32, "C19_2", 2292.28, -2535.68, "T", "SMD", "PC15", "", "R", 31.5, 35.43, 0, 90],
		[33, "C20_1", 1451.71, -702.34, "T", "SMD", "SWD_3.3V", "", "R", 31.5, 35.43, 0, 270],
		[34, "C20_2", 1451.71, -757.46, "T", "SMD", "GND", "GND", "R", 31.5, 35.43, 0, 270],
		[35, "C21_1", 1542.83, -702.34, "T", "SMD", "SWD_3.3V", "", "R", 31.5, 35.43, 0, 270],
		[36, "C21_2", 1542.83, -757.46, "T", "SMD", "GND", "GND", "R", 31.5, 35.43, 0, 270],
		[37, "C22_1", 303.47, -1593.53, "T", "SMD", "GND", "GND", "R", 31.5, 35.43, 0, 270],
		[38, "C22_2", 303.47, -1648.65, "T", "SMD", "SWD_3.3V", "", "R", 31.5, 35.43, 0, 270],
		[39, "CN1_1", 169.68, -2424.12, "T", "DIP", "AM2", "", "C", 60, 60, 36, 270],
		[40, "CN1_1", 169.68, -2424.12, "B", "DIP", "AM2", "", "C", 60, 60, 36, 270],
		[41, "CN1_2", 169.68, -2502.86, "T", "DIP", "GND", "GND", "C", 60, 60, 36, 270],
		[42, "CN1_2", 169.68, -2502.86, "B", "DIP", "GND", "GND", "C", 60, 60, 36, 270],
		[43, "CN1_3", 169.68, -2581.6, "T", "DIP", "PA0", "", "C", 60, 60, 36, 270],
		[44, "CN1_3", 169.68, -2581.6, "B", "DIP", "PA0", "", "C", 60, 60, 36, 270],
		[45, "CN1_4", 169.68, -2660.34, "T", "DIP", "PA1", "", "C", 60, 60, 36, 270],
		[46, "CN1_4", 169.68, -2660.34, "B", "DIP", "PA1", "", "C", 60, 60, 36, 270],
		[47, "CN1_5", 169.68, -2739.08, "T", "DIP", "+5V", "", "C", 60, 60, 36, 270],
		[48, "CN1_5", 169.68, -2739.08, "B", "DIP", "+5V", "", "C", 60, 60, 36, 270],
		[49, "CN1_6", 169.68, -2817.82, "T", "DIP", "AM1", "", "C", 60, 60, 36, 270],
		[50, "CN1_6", 169.68, -2817.82, "B", "DIP", "AM1", "", "C", 60, 60, 36, 270],
		[51, "CN2_1", 3760.91, -2818.5, "T", "DIP", "BM2", "", "C", 60, 60, 36, 90],
		[52, "CN2_1", 3760.91, -2818.5, "B", "DIP", "BM2", "", "C", 60, 60, 36, 90],
		[53, "CN2_2", 3760.91, -2739.76, "T", "DIP", "GND", "GND", "C", 60, 60, 36, 90],
		[54, "CN2_2", 3760.91, -2739.76, "B", "DIP", "GND", "GND", "C", 60, 60, 36, 90],
		[55, "CN2_3", 3760.91, -2661.02, "T", "DIP", "PB7", "", "C", 60, 60, 36, 90],
		[56, "CN2_3", 3760.91, -2661.02, "B", "DIP", "PB7", "", "C", 60, 60, 36, 90],
		[57, "CN2_4", 3760.91, -2582.28, "T", "DIP", "PB6", "", "C", 60, 60, 36, 90],
		[58, "CN2_4", 3760.91, -2582.28, "B", "DIP", "PB6", "", "C", 60, 60, 36, 90],
		[59, "CN2_5", 3760.91, -2503.54, "T", "DIP", "+5V", "", "C", 60, 60, 36, 90],
		[60, "CN2_5", 3760.91, -2503.54, "B", "DIP", "+5V", "", "C", 60, 60, 36, 90],
		[61, "CN2_6", 3760.91, -2424.8, "T", "DIP", "BM1", "", "C", 60, 60, 36, 90],
		[62, "CN2_6", 3760.91, -2424.8, "B", "DIP", "BM1", "", "C", 60, 60, 36, 90],
		[63, "CN3_1", 246.06, -2094.5, "T", "DIP", "GND", "GND", "C", 66.93, 66.93, 41.34, 90],
		[64, "CN3_1", 246.06, -2094.5, "B", "DIP", "GND", "GND", "C", 66.93, 66.93, 41.34, 90],
		[65, "CN3_2", 246.06, -1996.07, "T", "DIP", "PA14/SWCLK", "", "C", 66.93, 66.93, 41.34, 90],
		[66, "CN3_2", 246.06, -1996.07, "B", "DIP", "PA14/SWCLK", "", "C", 66.93, 66.93, 41.34, 90],
		[67, "CN3_3", 246.06, -1897.65, "T", "DIP", "PA13/SWDIO", "", "C", 66.93, 66.93, 41.34, 90],
		[68, "CN3_3", 246.06, -1897.65, "B", "DIP", "PA13/SWDIO", "", "C", 66.93, 66.93, 41.34, 90],
		[69, "CN3_4", 246.06, -1799.22, "T", "DIP", "SWD_3.3V", "", "C", 66.93, 66.93, 41.34, 90],
		[70, "CN3_4", 246.06, -1799.22, "B", "DIP", "SWD_3.3V", "", "C", 66.93, 66.93, 41.34, 90],
		[71, "CN4_1", 229.51, -1246.59, "T", "DIP", "GND", "GND", "R", 62.99, 62.99, 39.37, 90],
		[72, "CN4_1", 229.51, -1246.59, "B", "DIP", "GND", "GND", "R", 62.99, 62.99, 39.37, 90],
		[73, "CN4_2", 229.52, -1146.59, "T", "DIP", "PA9", "", "C", 62.99, 62.99, 39.37, 90],
		[74, "CN4_2", 229.52, -1146.59, "B", "DIP", "PA9", "", "C", 62.99, 62.99, 39.37, 90],
		[75, "CN4_3", 229.52, -1046.59, "T", "DIP", "PA10", "", "C", 62.99, 62.99, 39.37, 90],
		[76, "CN4_3", 229.52, -1046.59, "B", "DIP", "PA10", "", "C", 62.99, 62.99, 39.37, 90],
		[77, "DC1_1", 547.26, -449.87, "T", "DIP", "12V_DC", "", "O", 165.35, 70.87, 137.79, 90],
		[78, "DC1_1", 547.26, -449.87, "B", "DIP", "12V_DC", "", "O", 165.35, 70.87, 137.79, 90],
		[79, "DC1_2", 311.04, -449.87, "T", "DIP", "GND", "GND", "O", 157.48, 70.87, 129.92, 270],
		[80, "DC1_2", 311.04, -449.87, "B", "DIP", "GND", "GND", "O", 157.48, 70.87, 129.92, 270],
		[81, "DC1_3", 429.14, -635.04, "T", "DIP", "GND", "GND", "O", 157.48, 70.87, 129.92, 0],
		[82, "DC1_3", 429.14, -635.04, "B", "DIP", "GND", "GND", "O", 157.48, 70.87, 129.92, 0],
		[83, "H1_1", 2202.84, -588.74, "T", "DIP", "SWD_3.3V", "", "R", 62.99, 62.99, 41.34, 270],
		[84, "H1_1", 2202.84, -588.74, "B", "DIP", "SWD_3.3V", "", "R", 62.99, 62.99, 41.34, 270],
		[85, "H1_2", 2302.84, -588.74, "T", "DIP", "SWD_3.3V", "", "C", 62.99, 62.99, 41.34, 270],
		[86, "H1_2", 2302.84, -588.74, "B", "DIP", "SWD_3.3V", "", "C", 62.99, 62.99, 41.34, 270],
		[87, "H1_3", 2202.84, -688.74, "T", "DIP", "$H1_3", "", "C", 62.99, 62.99, 41.34, 270],
		[88, "H1_3", 2202.84, -688.74, "B", "DIP", "$H1_3", "", "C", 62.99, 62.99, 41.34, 270],
		[89, "H1_4", 2302.84, -688.74, "T", "DIP", "$H1_4", "", "C", 62.99, 62.99, 41.34, 270],
		[90, "H1_4", 2302.84, -688.74, "B", "DIP", "$H1_4", "", "C", 62.99, 62.99, 41.34, 270],
		[91, "H1_5", 2202.84, -788.74, "T", "DIP", "GND", "GND", "C", 62.99, 62.99, 41.34, 270],
		[92, "H1_5", 2202.84, -788.74, "B", "DIP", "GND", "GND", "C", 62.99, 62.99, 41.34, 270],
		[93, "H1_6", 2302.84, -788.74, "T", "DIP", "GND", "GND", "C", 62.99, 62.99, 41.34, 270],
		[94, "H1_6", 2302.84, -788.74, "B", "DIP", "GND", "GND", "C", 62.99, 62.99, 41.34, 270],
		[95, "H3_1", 2474.15, -2837.46, "T", "DIP", "VBAT", "", "R", 70.87, 140, 0.1, 90],
		[96, "H3_1", 2474.15, -2837.46, "B", "DIP", "VBAT", "", "R", 70.87, 140, 0.1, 90],
		[97, "H3_2", 2474.15, -2737.46, "T", "DIP", "PC13", "", "O", 70.87, 140, 0.1, 90],
		[98, "H3_2", 2474.15, -2737.46, "B", "DIP", "PC13", "", "O", 70.87, 140, 0.1, 90],
		[99, "H3_3", 2474.15, -2637.46, "T", "DIP", "PC14", "", "O", 70.87, 140, 0.1, 90],
		[100, "H3_3", 2474.15, -2637.46, "B", "DIP", "PC14", "", "O", 70.87, 140, 0.1, 90],
		[101, "H3_4", 2474.15, -2537.46, "T", "DIP", "PC15", "", "O", 70.87, 140, 0.1, 90],
		[102, "H3_4", 2474.15, -2537.46, "B", "DIP", "PC15", "", "O", 70.87, 140, 0.1, 90],
		[103, "H3_5", 2474.15, -2437.46, "T", "DIP", "PA0", "", "O", 70.87, 140, 0.1, 90],
		[104, "H3_5", 2474.15, -2437.46, "B", "DIP", "PA0", "", "O", 70.87, 140, 0.1, 90],
		[105, "H3_6", 2474.15, -2337.46, "T", "DIP", "PA1", "", "O", 70.87, 140, 0.1, 90],
		[106, "H3_6", 2474.15, -2337.46, "B", "DIP", "PA1", "", "O", 70.87, 140, 0.1, 90],
		[107, "H3_7", 2474.15, -2237.46, "T", "DIP", "BLUE_USART2_RX", "", "O", 70.87, 140, 0.1, 90],
		[108, "H3_7", 2474.15, -2237.46, "B", "DIP", "BLUE_USART2_RX", "", "O", 70.87, 140, 0.1, 90],
		[109, "H3_8", 2474.15, -2137.46, "T", "DIP", "BLUE_USART2_TX", "", "O", 70.87, 140, 0.1, 90],
		[110, "H3_8", 2474.15, -2137.46, "B", "DIP", "BLUE_USART2_TX", "", "O", 70.87, 140, 0.1, 90],
		[111, "H3_9", 2474.15, -2037.46, "T", "DIP", "PA4", "", "O", 70.87, 140, 0.1, 90],
		[112, "H3_9", 2474.15, -2037.46, "B", "DIP", "PA4", "", "O", 70.87, 140, 0.1, 90],
		[113, "H3_10", 2474.15, -1937.46, "T", "DIP", "PA5", "", "O", 70.87, 140, 0.1, 90],
		[114, "H3_10", 2474.15, -1937.46, "B", "DIP", "PA5", "", "O", 70.87, 140, 0.1, 90],
		[115, "H3_11", 2474.15, -1837.46, "T", "DIP", "PA6", "", "O", 70.87, 140, 0.1, 90],
		[116, "H3_11", 2474.15, -1837.46, "B", "DIP", "PA6", "", "O", 70.87, 140, 0.1, 90],
		[117, "H3_12", 2474.15, -1737.46, "T", "DIP", "PA7", "", "O", 70.87, 140, 0.1, 90],
		[118, "H3_12", 2474.15, -1737.46, "B", "DIP", "PA7", "", "O", 70.87, 140, 0.1, 90],
		[119, "H3_13", 2474.15, -1637.46, "T", "DIP", "PB0", "", "O", 70.87, 140, 0.1, 90],
		[120, "H3_13", 2474.15, -1637.46, "B", "DIP", "PB0", "", "O", 70.87, 140, 0.1, 90],
		[121, "H3_14", 2474.15, -1537.46, "T", "DIP", "PB1", "", "O", 70.87, 140, 0.1, 90],
		[122, "H3_14", 2474.15, -1537.46, "B", "DIP", "PB1", "", "O", 70.87, 140, 0.1, 90],
		[123, "H3_15", 2474.15, -1437.46, "T", "DIP", "PB10/IIC2_SCL", "", "O", 70.87, 140, 0.1, 90],
		[124, "H3_15", 2474.15, -1437.46, "B", "DIP", "PB10/IIC2_SCL", "", "O", 70.87, 140, 0.1, 90],
		[125, "H3_16", 2474.15, -1337.46, "T", "DIP", "PB11", "", "O", 70.87, 140, 0.1, 90],
		[126, "H3_16", 2474.15, -1337.46, "B", "DIP", "PB11", "", "O", 70.87, 140, 0.1, 90],
		[127, "H3_17", 2474.15, -1237.46, "T", "DIP", "NRST", "", "O", 70.87, 140, 0.1, 90],
		[128, "H3_17", 2474.15, -1237.46, "B", "DIP", "NRST", "", "O", 70.87, 140, 0.1, 90],
		[129, "H3_18", 2474.15, -1137.46, "T", "DIP", "SWD_3.3V", "", "O", 70.87, 140, 0.1, 90],
		[130, "H3_18", 2474.15, -1137.46, "B", "DIP", "SWD_3.3V", "", "O", 70.87, 140, 0.1, 90],
		[131, "H3_19", 2474.15, -1037.46, "T", "DIP", "GND", "GND", "O", 70.87, 140, 0.1, 90],
		[132, "H3_19", 2474.15, -1037.46, "B", "DIP", "GND", "GND", "O", 70.87, 140, 0.1, 90],
		[133, "H3_20", 2474.15, -937.46, "T", "DIP", "GND", "GND", "O", 70.87, 140, 0.1, 90],
		[134, "H3_20", 2474.15, -937.46, "B", "DIP", "GND", "GND", "O", 70.87, 140, 0.1, 90],
		[135, "H4_1", 1874.15, -2837.46, "T", "DIP", "SWD_3.3V", "", "R", 70.87, 140, 0.1, 90],
		[136, "H4_1", 1874.15, -2837.46, "B", "DIP", "SWD_3.3V", "", "R", 70.87, 140, 0.1, 90],
		[137, "H4_2", 1874.15, -2737.46, "T", "DIP", "GND", "GND", "O", 70.87, 140, 0.1, 90],
		[138, "H4_2", 1874.15, -2737.46, "B", "DIP", "GND", "GND", "O", 70.87, 140, 0.1, 90],
		[139, "H4_3", 1874.15, -2637.46, "T", "DIP", "+5V", "", "O", 70.87, 140, 0.1, 90],
		[140, "H4_3", 1874.15, -2637.46, "B", "DIP", "+5V", "", "O", 70.87, 140, 0.1, 90],
		[141, "H4_4", 1874.15, -2537.46, "T", "DIP", "OLED_IIC1_SDA", "", "O", 70.87, 140, 0.1, 90],
		[142, "H4_4", 1874.15, -2537.46, "B", "DIP", "OLED_IIC1_SDA", "", "O", 70.87, 140, 0.1, 90],
		[143, "H4_5", 1874.15, -2437.46, "T", "DIP", "OLED_IIC1_SCL", "", "O", 70.87, 140, 0.1, 90],
		[144, "H4_5", 1874.15, -2437.46, "B", "DIP", "OLED_IIC1_SCL", "", "O", 70.87, 140, 0.1, 90],
		[145, "H4_6", 1874.15, -2337.46, "T", "DIP", "PB7", "", "O", 70.87, 140, 0.1, 90],
		[146, "H4_6", 1874.15, -2337.46, "B", "DIP", "PB7", "", "O", 70.87, 140, 0.1, 90],
		[147, "H4_7", 1874.15, -2237.46, "T", "DIP", "PB6", "", "O", 70.87, 140, 0.1, 90],
		[148, "H4_7", 1874.15, -2237.46, "B", "DIP", "PB6", "", "O", 70.87, 140, 0.1, 90],
		[149, "H4_8", 1874.15, -2137.46, "T", "DIP", "PB5", "", "O", 70.87, 140, 0.1, 90],
		[150, "H4_8", 1874.15, -2137.46, "B", "DIP", "PB5", "", "O", 70.87, 140, 0.1, 90],
		[151, "H4_9", 1874.15, -2037.46, "T", "DIP", "PB4", "", "O", 70.87, 140, 0.1, 90],
		[152, "H4_9", 1874.15, -2037.46, "B", "DIP", "PB4", "", "O", 70.87, 140, 0.1, 90],
		[153, "H4_10", 1874.15, -1937.46, "T", "DIP", "PB3", "", "O", 70.87, 140, 0.1, 90],
		[154, "H4_10", 1874.15, -1937.46, "B", "DIP", "PB3", "", "O", 70.87, 140, 0.1, 90],
		[155, "H4_11", 1874.15, -1837.46, "T", "DIP", "PA15", "", "O", 70.87, 140, 0.1, 90],
		[156, "H4_11", 1874.15, -1837.46, "B", "DIP", "PA15", "", "O", 70.87, 140, 0.1, 90],
		[157, "H4_12", 1874.15, -1737.46, "T", "DIP", "PA12", "", "O", 70.87, 140, 0.1, 90],
		[158, "H4_12", 1874.15, -1737.46, "B", "DIP", "PA12", "", "O", 70.87, 140, 0.1, 90],
		[159, "H4_13", 1874.15, -1637.46, "T", "DIP", "PA11", "", "O", 70.87, 140, 0.1, 90],
		[160, "H4_13", 1874.15, -1637.46, "B", "DIP", "PA11", "", "O", 70.87, 140, 0.1, 90],
		[161, "H4_14", 1874.15, -1537.46, "T", "DIP", "PA10", "", "O", 70.87, 140, 0.1, 90],
		[162, "H4_14", 1874.15, -1537.46, "B", "DIP", "PA10", "", "O", 70.87, 140, 0.1, 90],
		[163, "H4_15", 1874.15, -1437.46, "T", "DIP", "PA9", "", "O", 70.87, 140, 0.1, 90],
		[164, "H4_15", 1874.15, -1437.46, "B", "DIP", "PA9", "", "O", 70.87, 140, 0.1, 90],
		[165, "H4_16", 1874.15, -1337.46, "T", "DIP", "PA8", "", "O", 70.87, 140, 0.1, 90],
		[166, "H4_16", 1874.15, -1337.46, "B", "DIP", "PA8", "", "O", 70.87, 140, 0.1, 90],
		[167, "H4_17", 1874.15, -1237.46, "T", "DIP", "PB15", "", "O", 70.87, 140, 0.1, 90],
		[168, "H4_17", 1874.15, -1237.46, "B", "DIP", "PB15", "", "O", 70.87, 140, 0.1, 90],
		[169, "H4_18", 1874.15, -1137.46, "T", "DIP", "PB14", "", "O", 70.87, 140, 0.1, 90],
		[170, "H4_18", 1874.15, -1137.46, "B", "DIP", "PB14", "", "O", 70.87, 140, 0.1, 90],
		[171, "H4_19", 1874.15, -1037.46, "T", "DIP", "PB13", "", "O", 70.87, 140, 0.1, 90],
		[172, "H4_19", 1874.15, -1037.46, "B", "DIP", "PB13", "", "O", 70.87, 140, 0.1, 90],
		[173, "H4_20", 1874.15, -937.46, "T", "DIP", "PB12", "", "O", 70.87, 140, 0.1, 90],
		[174, "H4_20", 1874.15, -937.46, "B", "DIP", "PB12", "", "O", 70.87, 140, 0.1, 90],
		[175, "H5_1", 1295.85, -2117.01, "T", "DIP", "OLED_IIC1_SDA", "", "R", 66.93, 134, 0.1, 180],
		[176, "H5_1", 1295.85, -2117.01, "B", "DIP", "OLED_IIC1_SDA", "", "R", 66.93, 134, 0.1, 180],
		[177, "H5_2", 1195.85, -2117.01, "T", "DIP", "OLED_IIC1_SCL", "", "O", 66.93, 134, 0.1, 180],
		[178, "H5_2", 1195.85, -2117.01, "B", "DIP", "OLED_IIC1_SCL", "", "O", 66.93, 134, 0.1, 180],
		[179, "H5_3", 1095.85, -2117.01, "T", "DIP", "SWD_3.3V", "", "O", 66.93, 134, 0.1, 180],
		[180, "H5_3", 1095.85, -2117.01, "B", "DIP", "SWD_3.3V", "", "O", 66.93, 134, 0.1, 180],
		[181, "H5_4", 995.85, -2117.01, "T", "DIP", "GND", "GND", "O", 66.93, 134, 0.1, 180],
		[182, "H5_4", 995.85, -2117.01, "B", "DIP", "GND", "GND", "O", 66.93, 134, 0.1, 180],
		[183, "H6_1", 2984.72, -1277.79, "T", "DIP", "PB5", "", "R", 70.87, 140, 0.1, 0],
		[184, "H6_1", 2984.72, -1277.79, "B", "DIP", "PB5", "", "R", 70.87, 140, 0.1, 0],
		[185, "H6_2", 3084.72, -1277.79, "T", "DIP", "H6_2", "", "O", 70.87, 140, 0.1, 0],
		[186, "H6_2", 3084.72, -1277.79, "B", "DIP", "H6_2", "", "O", 70.87, 140, 0.1, 0],
		[187, "H6_3", 3184.72, -1277.79, "T", "DIP", "H6_3", "", "O", 70.87, 140, 0.1, 0],
		[188, "H6_3", 3184.72, -1277.79, "B", "DIP", "H6_3", "", "O", 70.87, 140, 0.1, 0],
		[189, "H6_4", 3284.72, -1277.79, "T", "DIP", "H6_4", "", "O", 70.87, 140, 0.1, 0],
		[190, "H6_4", 3284.72, -1277.79, "B", "DIP", "H6_4", "", "O", 70.87, 140, 0.1, 0],
		[191, "H6_5", 3384.72, -1277.79, "T", "DIP", "PB11/IIC2_SDA", "", "O", 70.87, 140, 0.1, 0],
		[192, "H6_5", 3384.72, -1277.79, "B", "DIP", "PB11/IIC2_SDA", "", "O", 70.87, 140, 0.1, 0],
		[193, "H6_6", 3484.72, -1277.79, "T", "DIP", "PB10/IIC2_SCL", "", "O", 70.87, 140, 0.1, 0],
		[194, "H6_6", 3484.72, -1277.79, "B", "DIP", "PB10/IIC2_SCL", "", "O", 70.87, 140, 0.1, 0],
		[195, "H6_7", 3584.72, -1277.79, "T", "DIP", "GND", "GND", "O", 70.87, 140, 0.1, 0],
		[196, "H6_7", 3584.72, -1277.79, "B", "DIP", "GND", "GND", "O", 70.87, 140, 0.1, 0],
		[197, "H6_8", 3684.72, -1277.79, "T", "DIP", "+5V", "", "O", 70.87, 140, 0.1, 0],
		[198, "H6_8", 3684.72, -1277.79, "B", "DIP", "+5V", "", "O", 70.87, 140, 0.1, 0],
		[199, "H7_1", 2315.4, -3260.65, "T", "DIP", "GND", "GND", "R", 66.93, 66.93, 43.31, 180],
		[200, "H7_1", 2315.4, -3260.65, "B", "DIP", "GND", "GND", "R", 66.93, 66.93, 43.31, 180],
		[201, "H7_2", 2215.4, -3260.65, "T", "DIP", "PB4", "", "C", 66.93, 66.93, 43.31, 180],
		[202, "H7_2", 2215.4, -3260.65, "B", "DIP", "PB4", "", "C", 66.93, 66.93, 43.31, 180],
		[203, "H7_3", 2115.4, -3260.65, "T", "DIP", "PA4", "", "C", 66.93, 66.93, 43.31, 180],
		[204, "H7_3", 2115.4, -3260.65, "B", "DIP", "PA4", "", "C", 66.93, 66.93, 43.31, 180],
		[205, "H7_4", 2015.4, -3260.65, "T", "DIP", "+5V", "", "C", 66.93, 66.93, 43.31, 180],
		[206, "H7_4", 2015.4, -3260.65, "B", "DIP", "+5V", "", "C", 66.93, 66.93, 43.31, 180],
		[207, "H8_1", 2483.77, -776.23, "T", "DIP", "H8_1", "", "R", 70.87, 140, 0.1, 90],
		[208, "H8_1", 2483.77, -776.23, "B", "DIP", "H8_1", "", "R", 70.87, 140, 0.1, 90],
		[209, "H8_2", 2483.77, -676.23, "T", "DIP", "SWD_3.3V", "", "O", 62.99, 126, 0.1, 90],
		[210, "H8_2", 2483.77, -676.23, "B", "DIP", "SWD_3.3V", "", "O", 62.99, 126, 0.1, 90],
		[211, "H8_3", 2483.77, -576.23, "T", "DIP", "GND", "GND", "O", 62.99, 126, 0.1, 90],
		[212, "H8_3", 2483.77, -576.23, "B", "DIP", "GND", "GND", "O", 62.99, 126, 0.1, 90],
		[213, "H8_4", 2483.77, -476.23, "T", "DIP", "BLUE_USART2_RX", "", "O", 62.99, 126, 0.1, 90],
		[214, "H8_4", 2483.77, -476.23, "B", "DIP", "BLUE_USART2_RX", "", "O", 62.99, 126, 0.1, 90],
		[215, "H8_5", 2483.77, -376.23, "T", "DIP", "BLUE_USART2_TX", "", "O", 62.99, 126, 0.1, 90],
		[216, "H8_5", 2483.77, -376.23, "B", "DIP", "BLUE_USART2_TX", "", "O", 62.99, 126, 0.1, 90],
		[217, "H8_6", 2483.77, -276.23, "T", "DIP", "PB1", "", "O", 62.99, 126, 0.1, 90],
		[218, "H8_6", 2483.77, -276.23, "B", "DIP", "PB1", "", "O", 62.99, 126, 0.1, 90],
		[219, "H10_1", 699.15, -1822.46, "T", "DIP", "GND", "GND", "R", 70.87, 140, 0.1, 90],
		[220, "H10_1", 699.15, -1822.46, "B", "DIP", "GND", "GND", "R", 70.87, 140, 0.1, 90],
		[221, "H10_2", 699.15, -1722.46, "T", "DIP", "BM1", "", "O", 70.87, 140, 0.1, 90],
		[222, "H10_2", 699.15, -1722.46, "B", "DIP", "BM1", "", "O", 70.87, 140, 0.1, 90],
		[223, "H10_3", 699.15, -1622.46, "T", "DIP", "BM2", "", "O", 70.87, 140, 0.1, 90],
		[224, "H10_3", 699.15, -1622.46, "B", "DIP", "BM2", "", "O", 70.87, 140, 0.1, 90],
		[225, "H10_4", 699.15, -1522.46, "T", "DIP", "AM1", "", "O", 70.87, 140, 0.1, 90],
		[226, "H10_4", 699.15, -1522.46, "B", "DIP", "AM1", "", "O", 70.87, 140, 0.1, 90],
		[227, "H10_5", 699.15, -1422.46, "T", "DIP", "AM2", "", "O", 70.87, 140, 0.1, 90],
		[228, "H10_5", 699.15, -1422.46, "B", "DIP", "AM2", "", "O", 70.87, 140, 0.1, 90],
		[229, "H10_6", 699.15, -1322.46, "T", "DIP", "GND", "GND", "O", 70.87, 140, 0.1, 90],
		[230, "H10_6", 699.15, -1322.46, "B", "DIP", "GND", "GND", "O", 70.87, 140, 0.1, 90],
		[231, "H10_7", 699.15, -1222.46, "T", "DIP", "SWD_3.3V", "", "O", 70.87, 140, 0.1, 90],
		[232, "H10_7", 699.15, -1222.46, "B", "DIP", "SWD_3.3V", "", "O", 70.87, 140, 0.1, 90],
		[233, "H10_8", 699.15, -1122.46, "T", "DIP", "12V_DC", "", "O", 70.87, 140, 0.1, 90],
		[234, "H10_8", 699.15, -1122.46, "B", "DIP", "12V_DC", "", "O", 70.87, 140, 0.1, 90],
		[235, "H11_1", 1293.64, -1827.46, "T", "DIP", "GND", "GND", "R", 70.87, 140, 0.1, 90],
		[236, "H11_1", 1293.64, -1827.46, "B", "DIP", "GND", "GND", "R", 70.87, 140, 0.1, 90],
		[237, "H11_2", 1293.64, -1727.46, "T", "DIP", "PA8", "", "O", 70.87, 140, 0.1, 90],
		[238, "H11_2", 1293.64, -1727.46, "B", "DIP", "PA8", "", "O", 70.87, 140, 0.1, 90],
		[239, "H11_3", 1293.64, -1627.46, "T", "DIP", "PB15", "", "O", 70.87, 140, 0.1, 90],
		[240, "H11_3", 1293.64, -1627.46, "B", "DIP", "PB15", "", "O", 70.87, 140, 0.1, 90],
		[241, "H11_4", 1293.64, -1527.46, "T", "DIP", "PB14", "", "O", 70.87, 140, 0.1, 90],
		[242, "H11_4", 1293.64, -1527.46, "B", "DIP", "PB14", "", "O", 70.87, 140, 0.1, 90],
		[243, "H11_5", 1293.64, -1427.46, "T", "DIP", "PB0", "", "O", 70.87, 140, 0.1, 90],
		[244, "H11_5", 1293.64, -1427.46, "B", "DIP", "PB0", "", "O", 70.87, 140, 0.1, 90],
		[245, "H11_6", 1293.64, -1327.46, "T", "DIP", "PB13", "", "O", 70.87, 140, 0.1, 90],
		[246, "H11_6", 1293.64, -1327.46, "B", "DIP", "PB13", "", "O", 70.87, 140, 0.1, 90],
		[247, "H11_7", 1293.64, -1227.46, "T", "DIP", "PB12", "", "O", 70.87, 140, 0.1, 90],
		[248, "H11_7", 1293.64, -1227.46, "B", "DIP", "PB12", "", "O", 70.87, 140, 0.1, 90],
		[249, "H11_8", 1293.64, -1127.46, "T", "DIP", "PA11", "", "O", 70.87, 140, 0.1, 90],
		[250, "H11_8", 1293.64, -1127.46, "B", "DIP", "PA11", "", "O", 70.87, 140, 0.1, 90],
		[251, "K1_1", 1954.15, -837.46, "T", "SMD", "GND", "GND", "R", 33.07, 75.59, 0, 0],
		[252, "K1_2", 1954.15, -537.46, "T", "SMD", "NRST", "", "R", 33.07, 75.59, 0, 0],
		[253, "L2_1", 883.69, -725.17, "T", "SMD", "+5V", "", "R", 98.42, 137.79, 0, 180],
		[254, "L2_2", 644.71, -725.17, "T", "SMD", "SW", "", "R", 98.42, 137.79, 0, 180],
		[255, "LED1_1", 1723.17, -723.56, "T", "SMD", "$LED1_1", "", "R", 31.5, 31.5, 0, 180],
		[256, "LED1_2", 1722.97, -660.56, "T", "SMD", "SWD_3.3V", "", "R", 31.5, 31.5, 0, 180],
		[257, "LED2_1", 1805.67, -723.24, "T", "SMD", "$LED2_1", "", "R", 31.5, 31.5, 0, 180],
		[258, "LED2_2", 1805.47, -660.24, "T", "SMD", "SWD_3.3V", "", "R", 31.5, 31.5, 0, 180],
		[259, "R2_1", 937.49, -440.4, "T", "SMD", "BST", "", "R", 44.59, 54.21, 0, 0],
		[260, "R2_2", 1016.23, -440.4, "T", "SMD", "$C3_1", "", "R", 44.59, 54.21, 0, 0],
		[261, "R4_1", 975.59, -142.37, "T", "SMD", "$C12_1", "", "R", 44.59, 54.21, 0, 90],
		[262, "R4_2", 975.59, -63.63, "T", "SMD", "+5V", "", "R", 44.59, 54.21, 0, 90],
		[263, "R5_1", 1067.16, -258.6, "T", "SMD", "$C12_1", "", "R", 44.59, 54.21, 0, 0],
		[264, "R5_2", 1145.9, -258.6, "T", "SMD", "GND", "GND", "R", 44.59, 54.21, 0, 0],
		[265, "R6_1", 713.52, -272.46, "T", "SMD", "12V_DC", "", "R", 44.59, 54.21, 0, 0],
		[266, "R6_2", 792.26, -272.46, "T", "SMD", "EN", "", "R", 44.59, 54.21, 0, 0],
		[267, "R7_1", 449.78, -197.46, "T", "SMD", "GND", "GND", "R", 44.59, 54.21, 0, 0],
		[268, "R7_2", 528.52, -197.46, "T", "SMD", "AGND", "", "R", 44.59, 54.21, 0, 0],
		[269, "R8_1", 897.49, -258.6, "T", "SMD", "FB", "", "R", 44.59, 54.21, 0, 0],
		[270, "R8_2", 976.23, -258.6, "T", "SMD", "$C12_1", "", "R", 44.59, 54.21, 0, 0],
		[271, "R10_1", 1946.24, -79.78, "T", "SMD", "SWD_3.3V", "", "R", 31.75, 34.02, 0, 270],
		[272, "R10_2", 1946.24, -139.1, "T", "SMD", "NRST", "", "R", 31.75, 34.02, 0, 270],
		[273, "R11_1", 2105.15, -748.4, "T", "SMD", "BOOT0", "", "R", 31.75, 34.02, 0, 90],
		[274, "R11_2", 2105.15, -689.08, "T", "SMD", "$H1_3", "", "R", 31.75, 34.02, 0, 90],
		[275, "R12_1", 2361.66, -902.36, "T", "SMD", "$H1_4", "", "R", 31.75, 34.02, 0, 270],
		[276, "R12_2", 2361.66, -961.68, "T", "SMD", "PB2/BOOT1", "", "R", 31.75, 34.02, 0, 270],
		[277, "R13_1", 1719.08, -778.75, "T", "SMD", "$LED1_1", "", "R", 31.75, 34.02, 0, 270],
		[278, "R13_2", 1719.08, -838.07, "T", "SMD", "PC13", "", "R", 31.75, 34.02, 0, 270],
		[279, "R14_1", 1805.27, -780.89, "T", "SMD", "$LED2_1", "", "R", 31.75, 34.02, 0, 270],
		[280, "R14_2", 1805.27, -840.21, "T", "SMD", "GND", "GND", "R", 31.75, 34.02, 0, 270],
		[281, "R15_1", 2172.07, -368.5, "T", "SMD", "CC1", "", "R", 31.75, 34.02, 0, 0],
		[282, "R15_2", 2231.39, -368.5, "T", "SMD", "GND", "GND", "R", 31.75, 34.02, 0, 0],
		[283, "R16_1", 2046.94, -364.18, "T", "SMD", "CC2", "", "R", 31.75, 34.02, 0, 180],
		[284, "R16_2", 1987.62, -364.18, "T", "SMD", "GND", "GND", "R", 31.75, 34.02, 0, 180],
		[285, "U1_1", 741.47, -364.07, "T", "SMD", "AGND", "", "O", 14.33, 48.11, 0, 270],
		[286, "U1_2", 741.47, -389.67, "T", "SMD", "12V_DC", "", "O", 14.33, 48.11, 0, 270],
		[287, "U1_3", 741.47, -415.26, "T", "SMD", "SW", "", "O", 14.33, 48.11, 0, 270],
		[288, "U1_4", 741.47, -440.85, "T", "SMD", "GND", "GND", "O", 14.33, 48.11, 0, 270],
		[289, "U1_5", 836.83, -440.85, "T", "SMD", "BST", "", "O", 14.33, 48.11, 0, 270],
		[290, "U1_6", 836.83, -415.26, "T", "SMD", "EN", "", "O", 14.33, 48.11, 0, 270],
		[291, "U1_7", 836.83, -389.67, "T", "SMD", "VCC", "", "O", 14.33, 48.11, 0, 270],
		[292, "U1_8", 836.83, -364.07, "T", "SMD", "FB", "", "O", 14.33, 48.11, 0, 270],
		[293, "U2_1", 1589.7, -360.85, "T", "SMD", "GND", "GND", "R", 97.24, 38.58, 0, 90],
		[294, "U2_2", 1499.15, -360.85, "T", "SMD", "SWD_3.3V", "", "R", 97.24, 38.58, 0, 90],
		[295, "U2_3", 1408.6, -360.85, "T", "SMD", "+5V", "", "R", 97.24, 38.58, 0, 90],
		[296, "U2_4", 1499.15, -584.07, "T", "SMD", "SWD_3.3V", "", "R", 97.24, 141.73, 0, 90],
		[297, "U3_1", 2210.91, -2067.33, "T", "SMD", "VBAT", "", "O", 10.63, 59.05, 0, 45],
		[298, "U3_2", 2224.83, -2053.41, "T", "SMD", "PC13", "", "O", 10.63, 59.05, 0, 45],
		[299, "U3_3", 2238.75, -2039.49, "T", "SMD", "PC14", "", "O", 10.63, 59.05, 0, 45],
		[300, "U3_4", 2252.67, -2025.57, "T", "SMD", "PC15", "", "O", 10.63, 59.05, 0, 45],
		[301, "U3_5", 2266.58, -2011.65, "T", "SMD", "PD0-OSC_IN", "", "O", 10.63, 59.05, 0, 45],
		[302, "U3_6", 2280.51, -1997.73, "T", "SMD", "PD1-OSC_OUT", "", "O", 10.63, 59.05, 0, 45],
		[303, "U3_7", 2294.42, -1983.81, "T", "SMD", "NRST", "", "O", 10.63, 59.05, 0, 45],
		[304, "U3_8", 2308.35, -1969.89, "T", "SMD", "GND", "GND", "O", 10.63, 59.05, 0, 45],
		[305, "U3_9", 2322.26, -1955.97, "T", "SMD", "SWD_3.3V", "", "O", 10.63, 59.05, 0, 45],
		[306, "U3_10", 2336.19, -1942.05, "T", "SMD", "PA0", "", "O", 10.63, 59.05, 0, 45],
		[307, "U3_11", 2350.1, -1928.14, "T", "SMD", "PA1", "", "O", 10.63, 59.05, 0, 45],
		[308, "U3_12", 2364.02, -1914.21, "T", "SMD", "BLUE_USART2_RX", "", "O", 10.63, 59.05, 0, 45],
		[309, "U3_13", 2364.02, -1830.7, "T", "SMD", "BLUE_USART2_TX", "", "O", 59.05, 10.63, 0, 45],
		[310, "U3_14", 2350.1, -1816.78, "T", "SMD", "PA4", "", "O", 59.05, 10.63, 0, 45],
		[311, "U3_15", 2336.19, -1802.86, "T", "SMD", "PA5", "", "O", 59.05, 10.63, 0, 45],
		[312, "U3_16", 2322.26, -1788.94, "T", "SMD", "PA6", "", "O", 59.05, 10.63, 0, 45],
		[313, "U3_17", 2308.35, -1775.03, "T", "SMD", "PA7", "", "O", 59.05, 10.63, 0, 45],
		[314, "U3_18", 2294.42, -1761.1, "T", "SMD", "PB0", "", "O", 59.05, 10.63, 0, 45],
		[315, "U3_19", 2280.51, -1747.19, "T", "SMD", "PB1", "", "O", 59.05, 10.63, 0, 45],
		[316, "U3_20", 2266.58, -1733.26, "T", "SMD", "PB2/BOOT1", "", "O", 59.05, 10.63, 0, 45],
		[317, "U3_21", 2252.67, -1719.35, "T", "SMD", "PB10/IIC2_SCL", "", "O", 59.05, 10.63, 0, 45],
		[318, "U3_22", 2238.75, -1705.43, "T", "SMD", "PB11/IIC2_SDA", "", "O", 59.05, 10.63, 0, 45],
		[319, "U3_23", 2224.83, -1691.51, "T", "SMD", "GND", "GND", "O", 59.05, 10.63, 0, 45],
		[320, "U3_24", 2210.91, -1677.59, "T", "SMD", "SWD_3.3V", "", "O", 59.05, 10.63, 0, 45],
		[321, "U3_25", 2127.4, -1677.59, "T", "SMD", "PB12", "", "O", 10.63, 59.05, 0, 45],
		[322, "U3_26", 2113.48, -1691.51, "T", "SMD", "PB13", "", "O", 10.63, 59.05, 0, 45],
		[323, "U3_27", 2099.56, -1705.43, "T", "SMD", "PB14", "", "O", 10.63, 59.05, 0, 45],
		[324, "U3_28", 2085.64, -1719.35, "T", "SMD", "PB15", "", "O", 10.63, 59.05, 0, 45],
		[325, "U3_29", 2071.72, -1733.26, "T", "SMD", "PA8", "", "O", 10.63, 59.05, 0, 45],
		[326, "U3_30", 2057.8, -1747.19, "T", "SMD", "PA9", "", "O", 10.63, 59.05, 0, 45],
		[327, "U3_31", 2043.88, -1761.1, "T", "SMD", "PA10", "", "O", 10.63, 59.05, 0, 45],
		[328, "U3_32", 2029.96, -1775.03, "T", "SMD", "PA11", "", "O", 10.63, 59.05, 0, 45],
		[329, "U3_33", 2016.04, -1788.94, "T", "SMD", "PA12", "", "O", 10.63, 59.05, 0, 45],
		[330, "U3_34", 2002.12, -1802.86, "T", "SMD", "PA13/SWDIO", "", "O", 10.63, 59.05, 0, 45],
		[331, "U3_35", 1988.2, -1816.78, "T", "SMD", "GND", "GND", "O", 10.63, 59.05, 0, 45],
		[332, "U3_36", 1974.28, -1830.7, "T", "SMD", "SWD_3.3V", "", "O", 10.63, 59.05, 0, 45],
		[333, "U3_37", 1974.28, -1914.21, "T", "SMD", "PA14/SWCLK", "", "O", 59.05, 10.63, 0, 45],
		[334, "U3_38", 1988.2, -1928.14, "T", "SMD", "PA15", "", "O", 59.05, 10.63, 0, 45],
		[335, "U3_39", 2002.12, -1942.05, "T", "SMD", "PB3", "", "O", 59.05, 10.63, 0, 45],
		[336, "U3_40", 2016.04, -1955.97, "T", "SMD", "PB4", "", "O", 59.05, 10.63, 0, 45],
		[337, "U3_41", 2029.96, -1969.89, "T", "SMD", "PB5", "", "O", 59.05, 10.63, 0, 45],
		[338, "U3_42", 2043.88, -1983.81, "T", "SMD", "PB6", "", "O", 59.05, 10.63, 0, 45],
		[339, "U3_43", 2057.8, -1997.73, "T", "SMD", "PB7", "", "O", 59.05, 10.63, 0, 45],
		[340, "U3_44", 2071.72, -2011.65, "T", "SMD", "BOOT0", "", "O", 59.05, 10.63, 0, 45],
		[341, "U3_45", 2085.64, -2025.57, "T", "SMD", "OLED_IIC1_SCL", "", "O", 59.05, 10.63, 0, 45],
		[342, "U3_46", 2099.56, -2039.49, "T", "SMD", "OLED_IIC1_SDA", "", "O", 59.05, 10.63, 0, 45],
		[343, "U3_47", 2113.48, -2053.41, "T", "SMD", "GND", "GND", "O", 59.05, 10.63, 0, 45],
		[344, "U3_48", 2127.4, -2067.33, "T", "SMD", "SWD_3.3V", "", "O", 59.05, 10.63, 0, 45],
		[345, "USBC1_1", 2354.23, -243.42, "T", "DIP", "GND", "GND", "O", 39.37, 82.68, 66.93, 180],
		[346, "USBC1_1", 2354.23, -243.42, "B", "DIP", "GND", "GND", "O", 39.37, 82.68, 66.93, 180],
		[347, "USBC1_2", 2354.23, -78.86, "T", "DIP", "GND", "GND", "O", 39.37, 70.87, 55.12, 180],
		[348, "USBC1_2", 2354.23, -78.86, "B", "DIP", "GND", "GND", "O", 39.37, 70.87, 55.12, 180],
		[349, "USBC1_3", 2014.07, -78.86, "T", "DIP", "GND", "GND", "O", 39.37, 70.87, 55.12, 180],
		[350, "USBC1_3", 2014.07, -78.86, "B", "DIP", "GND", "GND", "O", 39.37, 70.87, 55.12, 180],
		[351, "USBC1_4", 2014.07, -243.42, "T", "DIP", "GND", "GND", "O", 39.37, 82.68, 66.93, 180],
		[352, "USBC1_4", 2014.07, -243.42, "B", "DIP", "GND", "GND", "O", 39.37, 82.68, 66.93, 180],
		[353, "USBC1_A1-B12", 2310.14, -266.06, "T", "SMD", "GND", "GND", "R", 23.62, 45.28, 0, 180],
		[354, "USBC1_A4-B9", 2278.64, -266.06, "T", "SMD", "SWD_3.3V", "", "R", 23.62, 45.28, 0, 180],
		[355, "USBC1_A5", 2233.36, -266.06, "T", "SMD", "CC1", "", "R", 11.81, 45.28, 0, 180],
		[356, "USBC1_A6", 2193.99, -266.06, "T", "SMD", "PA12", "", "R", 11.81, 45.28, 0, 180],
		[357, "USBC1_A7", 2174.31, -266.06, "T", "SMD", "PA11", "", "R", 11.81, 45.28, 0, 180],
		[358, "USBC1_A8", 2134.94, -266.06, "T", "SMD", "USBC1_A8", "", "R", 11.81, 45.28, 0, 180],
		[359, "USBC1_B1-A12", 2058.17, -266.06, "T", "SMD", "USBC1_B1-A12", "", "R", 23.62, 45.28, 0, 180],
		[360, "USBC1_B4-A9", 2089.66, -266.06, "T", "SMD", "USBC1_B4-A9", "", "R", 23.62, 45.28, 0, 180],
		[361, "USBC1_B5", 2115.25, -266.06, "T", "SMD", "CC2", "", "R", 11.81, 45.28, 0, 180],
		[362, "USBC1_B6", 2154.62, -266.06, "T", "SMD", "PA12", "", "R", 11.81, 45.28, 0, 180],
		[363, "USBC1_B7", 2213.68, -266.06, "T", "SMD", "PA11", "", "R", 11.81, 45.28, 0, 180],
		[364, "USBC1_B8", 2253.05, -266.06, "T", "SMD", "USBC1_B8", "", "R", 11.81, 45.28, 0, 180],
		[365, "X1_1", 2110.86, -2251.65, "T", "SMD", "PD1-OSC_OUT", "", "R", 74.8, 94.49, 0, 0],
		[366, "X1_2", 2272.28, -2251.65, "T", "SMD", "PD0-OSC_IN", "", "R", 74.8, 94.49, 0, 0],
		[367, "X2_1", 2218.66, -2485.74, "T", "SMD", "PC15", "", "R", 41.34, 66.93, 0, 180],
		[368, "X2_2", 2118.26, -2485.74, "T", "SMD", "PC14", "", "R", 41.34, 66.93, 0, 180],
		[369, "TPJLC_TP1", 816.25, -59.53, "T", "TP", "+5V", "", "C", 24, 24, 0, 0],
		[370, "TPJLC_TP2", 815.43, -142.1, "T", "TP", "GND", "GND", "C", 24, 24, 0, 0],
		[371, "TPJLC_TP3", 130.16, -233.29, "T", "TP", "GND", "GND", "C", 24, 24, 0, 0],
		[372, "TPJLC_TP4", 216.08, -233.29, "T", "TP", "12V_DC", "", "C", 24, 24, 0, 0],
		[373, "TPJLC_TP5", 1663.07, -293.63, "T", "TP", "GND", "GND", "C", 24, 24, 0, 0],
		[374, "TPJLC_TP6", 1661.23, -235.19, "T", "TP", "SWD_3.3V", "", "C", 24, 24, 0, 0]
	]
}
}